"","State","County","Rate"
"99410","MS","Newton County",5.4
"99411","MS","Panola County",6.4
"99412","MS","Monroe County",5.5
"99413","MS","Hinds County",4.9
"99414","MS","Kemper County",9.2
"99415","MS","Calhoun County",4.8
"99416","MS","Clarke County",6.2
"99417","MS","Jefferson County",10.8
"99418","MS","Madison County",3.9
"99419","MS","Sharkey County",7.6
"99420","MS","Tunica County",5.9
"99421","MS","Tate County",5
"99422","MS","Lafayette County",4.1
"99423","MS","Bolivar County",6.4
"99424","MS","Stone County",6.2
"99425","MS","Noxubee County",7.6
"99426","MS","Lamar County",3.9
"99427","MS","Lee County",4.4
"99428","MS","Desoto County",3.7
"99429","MS","Adams County",7.3
"99430","MS","Pontotoc County",4.3
"99431","MS","Marion County",6
"99432","MS","Jasper County",6.6
"99433","MS","Simpson County",5
"99434","MS","Sunflower County",8.1
"99435","MS","Hancock County",5.6
"99436","MS","Winston County",6.5
"99437","MS","Carroll County",7.1
"99438","MS","Copiah County",5.9
"99439","MS","Jefferson Davis County",7.4
"99440","MS","Lincoln County",5.1
"99441","MS","Marshall County",5.1
"99442","MS","Jackson County",6
"99443","MS","Pike County",6
"99444","MS","Prentiss County",4.9
"99445","MS","Perry County",6.2
"99446","MS","Franklin County",6
"99447","MS","Lowndes County",5.6
"99448","MS","Quitman County",8.5
"99449","MS","Neshoba County",5.4
"99450","MS","Clay County",6.9
"99451","MS","Attala County",6.2
"99452","MS","Alcorn County",4.8
"99453","MS","Chickasaw County",5.8
"99454","MS","Humphreys County",9.4
"99455","MS","Greene County",6.2
"99456","MS","Leflore County",8.4
"99457","MS","Benton County",5.4
"99458","MS","Coahoma County",7.3
"99459","MS","Lawrence County",6.1
"99460","MS","Tishomingo County",5
"99461","MS","Covington County",4.9
"99462","MS","Tippah County",4.7
"99463","MS","Smith County",4.8
"99464","MS","Washington County",8.1
"99465","MS","Holmes County",9.2
"99466","MS","Pearl River County",5.5
"99467","MS","Itawamba County",4.5
"99468","MS","Yalobusha County",5.3
"99469","MS","Lauderdale County",5.8
"99470","MS","Oktibbeha County",4.6
"99471","MS","Harrison County",5.1
"99472","MS","Amite County",6.5
"99473","MS","Webster County",5.6
"99474","MS","Scott County",4.5
"99475","MS","Wilkinson County",8.3
"99476","MS","Union County",4
"99477","MS","Rankin County",3.7
"99478","MS","Issaquena County",11.8
"99479","MS","Choctaw County",4.7
"99480","MS","Tallahatchie County",5.5
"99481","MS","Leake County",6.4
"99482","MS","Walthall County",6.7
"99483","MS","Claiborne County",9.8
"99484","MS","Wayne County",6.7
"99485","MS","Yazoo County",6.2
"99486","MS","Montgomery County",5.7
"99487","MS","Forrest County",5.1
"99488","MS","George County",6.3
"99489","MS","Jones County",5.4
"99490","MS","Grenada County",5
"99491","MS","Warren County",5.8
"99492","OK","Major County",3.9
"99493","OK","Pottawatomie County",4.4
"99494","OK","Johnston County",5.7
"99495","OK","Jefferson County",7.1
"99496","OK","Beaver County",2.7
"99497","OK","Stephens County",9.1
"99498","OK","Washita County",6.4
"99499","OK","Marshall County",4.9
"99500","OK","Atoka County",6.2
"99501","OK","Noble County",3.4
"99502","OK","Pittsburg County",6.3
"99503","OK","Woodward County",5.4
"99504","OK","Beckham County",6.8
"99505","OK","Canadian County",3.9
"99506","OK","Payne County",3.5
"99507","OK","Woods County",2.9
"99508","OK","Pontotoc County",3.9
"99509","OK","Blaine County",3.4
"99510","OK","Le Flore County",6.6
"99511","OK","Adair County",5.6
"99512","OK","Rogers County",4.8
"99513","OK","Craig County",4.8
"99514","OK","Kingfisher County",3.2
"99515","OK","Lincoln County",4.9
"99516","OK","Delaware County",4.9
"99517","OK","Jackson County",4.3
"99518","OK","Bryan County",4
"99519","OK","Hughes County",6.8
"99520","OK","McCurtain County",7.3
"99521","OK","Comanche County",4.4
"99522","OK","Logan County",3.8
"99523","OK","Okmulgee County",7.2
"99524","OK","Garfield County",4.2
"99525","OK","Roger Mills County",4.6
"99526","OK","Custer County",4.1
"99527","OK","Harmon County",3.1
"99528","OK","Sequoyah County",5.9
"99529","OK","Wagoner County",4.7
"99530","OK","Seminole County",6.7
"99531","OK","Cleveland County",3.7
"99532","OK","Pushmataha County",6.8
"99533","OK","Okfuskee County",6.2
"99534","OK","Greer County",6.7
"99535","OK","Cimarron County",2.1
"99536","OK","Caddo County",5
"99537","OK","Nowata County",5.9
"99538","OK","Carter County",5
"99539","OK","Washington County",4.7
"99540","OK","Kiowa County",5.3
"99541","OK","Muskogee County",5.4
"99542","OK","Texas County",3.2
"99543","OK","McIntosh County",8.7
"99544","OK","Cherokee County",5.7
"99545","OK","Tulsa County",4.6
"99546","OK","Haskell County",7.9
"99547","OK","Tillman County",4.6
"99548","OK","Alfalfa County",3.1
"99549","OK","Kay County",6.1
"99550","OK","Latimer County",8
"99551","OK","Grady County",4.6
"99552","OK","Choctaw County",8.2
"99553","OK","Garvin County",5
"99554","OK","McClain County",3.9
"99555","OK","Mayes County",5.1
"99556","OK","Grant County",2.9
"99557","OK","Oklahoma County",4.2
"99558","OK","Osage County",5.4
"99559","OK","Murray County",4.2
"99560","OK","Ottawa County",4.9
"99561","OK","Dewey County",3.2
"99562","OK","Ellis County",3.4
"99563","OK","Harper County",3.7
"99564","OK","Creek County",5.6
"99565","OK","Pawnee County",6.2
"99566","OK","Cotton County",4.5
"99567","OK","Love County",3
"99568","OK","Coal County",6.5
"99569","DE","Sussex County",4.2
"99570","DE","New Castle County",3.7
"99571","DE","Kent County",4.1
"99572","MN","Sibley County",3.2
"99573","MN","Carver County",2.8
"99574","MN","McLeod County",3.4
"99575","MN","Blue Earth County",2.5
"99576","MN","Todd County",4.4
"99577","MN","Mower County",2.5
"99578","MN","Anoka County",3.2
"99579","MN","Fillmore County",3.2
"99580","MN","Lincoln County",2.3
"99581","MN","Goodhue County",3
"99582","MN","Stearns County",3.1
"99583","MN","Murray County",3
"99584","MN","Lyon County",2.6
"99585","MN","Wilkin County",2.4
"99586","MN","Isanti County",3.7
"99587","MN","Benton County",3.4
"99588","MN","Brown County",3.2
"99589","MN","Dakota County",2.9
"99590","MN","Faribault County",3.8
"99591","MN","Scott County",2.7
"99592","MN","Lac qui Parle County",3
"99593","MN","Wadena County",4.6
"99594","MN","Hubbard County",6.3
"99595","MN","Kittson County",3.4
"99596","MN","Kanabec County",5.7
"99597","MN","Olmsted County",2.5
"99598","MN","Saint Louis County",4.9
"99599","MN","Pope County",2.9
"99600","MN","Marshall County",6.1
"99601","MN","Watonwan County",3.9
"99602","MN","Pipestone County",2.6
"99603","MN","Crow Wing County",4.9
"99604","MN","Lake of the Woods County",6
"99605","MN","Itasca County",8.1
"99606","MN","Steele County",3
"99607","MN","Chisago County",3.6
"99608","MN","Wabasha County",2.8
"99609","MN","Swift County",3.9
"99610","MN","Sherburne County",3.4
"99611","MN","Beltrami County",4.1
"99612","MN","Cottonwood County",5
"99613","MN","Lake County",5
"99614","MN","Chippewa County",3.4
"99615","MN","Douglas County",3.1
"99616","MN","Mahnomen County",3.9
"99617","MN","Waseca County",3.4
"99618","MN","Roseau County",3.9
"99619","MN","Nobles County",2.9
"99620","MN","Otter Tail County",3.7
"99621","MN","Clearwater County",7.8
"99622","MN","Hennepin County",2.9
"99623","MN","Pine County",4.9
"99624","MN","Martin County",3.3
"99625","MN","Red Lake County",6.1
"99626","MN","Norman County",3.6
"99627","MN","Meeker County",3.4
"99628","MN","Freeborn County",3.7
"99629","MN","Traverse County",2.7
"99630","MN","Clay County",2.5
"99631","MN","Kandiyohi County",3
"99632","MN","Washington County",2.8
"99633","MN","Redwood County",3.3
"99634","MN","Koochiching County",9.1
"99635","MN","Rock County",1.8
"99636","MN","Pennington County",4.5
"99637","MN","Becker County",3.8
"99638","MN","Mille Lacs County",5
"99639","MN","Winona County",2.9
"99640","MN","Stevens County",2.4
"99641","MN","Renville County",3.9
"99642","MN","Nicollet County",2.3
"99643","MN","Polk County",3.2
"99644","MN","Morrison County",4.8
"99645","MN","Wright County",3.1
"99646","MN","Ramsey County",3.1
"99647","MN","Yellow Medicine County",3
"99648","MN","Grant County",3.7
"99649","MN","Jackson County",3
"99650","MN","Cass County",6.9
"99651","MN","Aitkin County",5.7
"99652","MN","Dodge County",2.8
"99653","MN","Big Stone County",4
"99654","MN","Houston County",3
"99655","MN","Le Sueur County",3.7
"99656","MN","Carlton County",4.6
"99657","MN","Rice County",2.7
"99658","MN","Cook County",4.6
"99659","IL","Monroe County",3.5
"99660","IL","Madison County",5
"99661","IL","Bond County",4.4
"99662","IL","Adams County",4.3
"99663","IL","Macoupin County",4.9
"99664","IL","Marion County",5.5
"99665","IL","Knox County",5.4
"99666","IL","Williamson County",5.4
"99667","IL","Gallatin County",6.5
"99668","IL","Champaign County",4.5
"99669","IL","Coles County",5.3
"99670","IL","Hardin County",7.5
"99671","IL","Pike County",4.5
"99672","IL","Whiteside County",5.2
"99673","IL","Saline County",6.7
"99674","IL","Logan County",4.8
"99675","IL","De Witt County",5.1
"99676","IL","Lawrence County",6.9
"99677","IL","Boone County",5.3
"99678","IL","Edgar County",6.1
"99679","IL","Clinton County",3.8
"99680","IL","Brown County",3.2
"99681","IL","Clark County",5
"99682","IL","Macon County",5.9
"99683","IL","Dupage County",4.4
"99684","IL","Christian County",5.9
"99685","IL","Ford County",4.7
"99686","IL","Piatt County",4.4
"99687","IL","Scott County",4.9
"99688","IL","White County",5.3
"99689","IL","Moultrie County",4.1
"99690","IL","Kane County",4.8
"99691","IL","Bureau County",5.3
"99692","IL","Vermilion County",6.4
"99693","IL","Livingston County",4.6
"99694","IL","Effingham County",4
"99695","IL","Mason County",6
"99696","IL","Jefferson County",5.7
"99697","IL","Pope County",6.5
"99698","IL","Marshall County",5.8
"99699","IL","Pulaski County",8.4
"99700","IL","Ogle County",4.8
"99701","IL","Jasper County",5.5
"99702","IL","Winnebago County",5.9
"99703","IL","Stephenson County",5.2
"99704","IL","Morgan County",4.4
"99705","IL","Perry County",6.3
"99706","IL","Wabash County",5.7
"99707","IL","La Salle County",5.6
"99708","IL","Lake County",4.6
"99709","IL","Douglas County",4.3
"99710","IL","Randolph County",4.4
"99711","IL","Fayette County",5.7
"99712","IL","Saint Clair County",5.2
"99713","IL","Shelby County",5.5
"99714","IL","Iroquois County",4.9
"99715","IL","Warren County",4.6
"99716","IL","Edwards County",4.8
"99717","IL","Stark County",6.7
"99718","IL","Lee County",4.4
"99719","IL","Menard County",4.2
"99720","IL","Fulton County",6.5
"99721","IL","McDonough County",5.1
"99722","IL","Woodford County",4.7
"99723","IL","McLean County",4.5
"99724","IL","Franklin County",7.1
"99725","IL","Mercer County",5.1
"99726","IL","Johnson County",7.8
"99727","IL","Clay County",5.6
"99728","IL","Henry County",5.6
"99729","IL","Schuyler County",5
"99730","IL","Cumberland County",4.8
"99731","IL","Washington County",3.4
"99732","IL","Putnam County",4.6
"99733","IL","Kendall County",4.8
"99734","IL","Crawford County",5.2
"99735","IL","Montgomery County",6.3
"99736","IL","Alexander County",7.7
"99737","IL","Wayne County",7.3
"99738","IL","Calhoun County",5.2
"99739","IL","Kankakee County",5.6
"99740","IL","Dekalb County",4.6
"99741","IL","Tazewell County",5.6
"99742","IL","Henderson County",4.8
"99743","IL","Grundy County",5.8
"99744","IL","Jersey County",5
"99745","IL","Carroll County",4.4
"99746","IL","Jackson County",4.9
"99747","IL","McHenry County",4.8
"99748","IL","Cass County",5.2
"99749","IL","Greene County",5.1
"99750","IL","Sangamon County",4.3
"99751","IL","Hancock County",5.7
"99752","IL","Union County",6.4
"99753","IL","Richland County",5.5
"99754","IL","Peoria County",6.1
"99755","IL","Massac County",6.2
"99756","IL","Cook County",5.7
"99757","IL","Jo Daviess County",4.2
"99758","IL","Hamilton County",5
"99759","IL","Will County",5.4
"99760","IL","Rock Island County",5.5
"99761","AR","Newton County",3.5
"99762","AR","Monroe County",4.9
"99763","AR","Polk County",4.3
"99764","AR","Calhoun County",3.7
"99765","AR","Hot Spring County",3.5
"99766","AR","Jefferson County",4.8
"99767","AR","Madison County",2.8
"99768","AR","Lonoke County",3.1
"99769","AR","Jackson County",5.4
"99770","AR","Craighead County",2.8
"99771","AR","Pulaski County",3.2
"99772","AR","Cross County",4.1
"99773","AR","Saint Francis County",4.7
"99774","AR","Conway County",5
"99775","AR","Arkansas County",3.4
"99776","AR","Lee County",4.3
"99777","AR","Stone County",4.9
"99778","AR","Lafayette County",5.3
"99779","AR","Columbia County",5.2
"99780","AR","Saline County",2.9
"99781","AR","Fulton County",3.8
"99782","AR","Crittenden County",4.2
"99783","AR","Hempstead County",3.4
"99784","AR","Prairie County",3.5
"99785","AR","Lincoln County",4.4
"99786","AR","Woodruff County",4.7
"99787","AR","Ashley County",5.8
"99788","AR","Pike County",4.1
"99789","AR","Marion County",3.8
"99790","AR","Perry County",4.2
"99791","AR","Bradley County",4.7
"99792","AR","Franklin County",3.5
"99793","AR","Logan County",3.8
"99794","AR","Phillips County",5.1
"99795","AR","Sharp County",5
"99796","AR","Chicot County",6.1
"99797","AR","Clay County",4.8
"99798","AR","Howard County",3
"99799","AR","Crawford County",3.4
"99800","AR","Boone County",3.2
"99801","AR","Greene County",4
"99802","AR","Izard County",5.1
"99803","AR","Little River County",4.4
"99804","AR","Cleveland County",4
"99805","AR","Benton County",2.7
"99806","AR","Lawrence County",3.7
"99807","AR","Montgomery County",4.9
"99808","AR","Johnson County",4.1
"99809","AR","Washington County",2.4
"99810","AR","Clark County",3.7
"99811","AR","Sevier County",4.7
"99812","AR","Baxter County",4
"99813","AR","Independence County",4.3
"99814","AR","Pope County",3.9
"99815","AR","Van Buren County",5.9
"99816","AR","Garland County",4
"99817","AR","Yell County",3.9
"99818","AR","Poinsett County",3.7
"99819","AR","Randolph County",4.2
"99820","AR","Ouachita County",4.6
"99821","AR","Carroll County",3.1
"99822","AR","Nevada County",3.2
"99823","AR","Drew County",5
"99824","AR","Desha County",4.8
"99825","AR","Union County",4.9
"99826","AR","White County",4.3
"99827","AR","Grant County",3.2
"99828","AR","Sebastian County",3.3
"99829","AR","Scott County",3.1
"99830","AR","Mississippi County",5.7
"99831","AR","Dallas County",4.4
"99832","AR","Searcy County",4.1
"99833","AR","Miller County",4
"99834","AR","Faulkner County",3.3
"99835","AR","Cleburne County",5
"99836","NM","Torrance County",8.7
"99837","NM","Eddy County",6.5
"99838","NM","McKinley County",8.6
"99839","NM","Santa Fe County",5.1
"99840","NM","San Juan County",7.9
"99841","NM","San Miguel County",7.3
"99842","NM","Bernalillo County",5.6
"99843","NM","Curry County",5.1
"99844","NM","Roosevelt County",5.4
"99845","NM","Debaca County",4.4
"99846","NM","Luna County",15.6
"99847","NM","Lincoln County",6
"99848","NM","Catron County",8.6
"99849","NM","Hidalgo County",5
"99850","NM","Sierra County",7.8
"99851","NM","Quay County",6.4
"99852","NM","Colfax County",6.4
"99853","NM","Otero County",6
"99854","NM","Valencia County",6.7
"99855","NM","Socorro County",6.9
"99856","NM","Lea County",8.8
"99857","NM","Cibola County",8
"99858","NM","Taos County",8
"99859","NM","Harding County",5.9
"99860","NM","Mora County",8.3
"99861","NM","Rio Arriba County",6.9
"99862","NM","Dona Ana County",6.7
"99863","NM","Union County",4.4
"99864","NM","Chaves County",6.6
"99865","NM","Los Alamos County",4.2
"99866","NM","Grant County",6.4
"99867","NM","Sandoval County",6.4
"99868","NM","Guadalupe County",7.2
"99869","IN","Monroe County",4
"99870","IN","Madison County",4.2
"99871","IN","Vermillion County",5.2
"99872","IN","Fountain County",4.8
"99873","IN","Adams County",3
"99874","IN","Marion County",4
"99875","IN","Knox County",3.8
"99876","IN","Dearborn County",4
"99877","IN","Tipton County",3.2
"99878","IN","Pike County",4.1
"99879","IN","Vigo County",4.6
"99880","IN","Lawrence County",5
"99881","IN","Orange County",4.4
"99882","IN","Steuben County",3.4
"99883","IN","Boone County",3.1
"99884","IN","Benton County",3.7
"99885","IN","Jennings County",4.1
"99886","IN","Brown County",3.2
"99887","IN","Clark County",3.8
"99888","IN","Gibson County",3.2
"99889","IN","Spencer County",3.9
"99890","IN","Hendricks County",3.2
"99891","IN","Scott County",4.2
"99892","IN","White County",4.1
"99893","IN","Grant County",4.4
"99894","IN","Starke County",4.7
"99895","IN","Howard County",4.1
"99896","IN","Rush County",3.4
"99897","IN","Owen County",4.4
"99898","IN","Warrick County",3.9
"99899","IN","Jefferson County",4.3
"99900","IN","Marshall County",3.4
"99901","IN","Pulaski County",4.2
"99902","IN","Saint Joseph County",4.2
"99903","IN","Jasper County",4.3
"99904","IN","Switzerland County",4.2
"99905","IN","Morgan County",3.6
"99906","IN","Perry County",4
"99907","IN","Wabash County",3.7
"99908","IN","Vanderburgh County",3.8
"99909","IN","Elkhart County",3.3
"99910","IN","Whitley County",3.4
"99911","IN","Lake County",5.4
"99912","IN","Noble County",3.6
"99913","IN","Blackford County",4.8
"99914","IN","Randolph County",3.9
"99915","IN","Fayette County",5.3
"99916","IN","DeKalb County",3.5
"99917","IN","Parke County",4.6
"99918","IN","Shelby County",3.4
"99919","IN","Decatur County",3.1
"99920","IN","Sullivan County",5
"99921","IN","Warren County",4
"99922","IN","Bartholomew County",2.9
"99923","IN","Wayne County",4.3
"99924","IN","Martin County",3.7
"99925","IN","Huntington County",3.5
"99926","IN","Fulton County",4.1
"99927","IN","Dubois County",2.8
"99928","IN","Delaware County",4.6
"99929","IN","Franklin County",3.7
"99930","IN","Allen County",3.7
"99931","IN","Johnson County",3.2
"99932","IN","Clay County",4.1
"99933","IN","Henry County",4.1
"99934","IN","Crawford County",4.9
"99935","IN","Washington County",3.9
"99936","IN","Harrison County",3.8
"99937","IN","Putnam County",3.8
"99938","IN","Floyd County",3.7
"99939","IN","Wells County",3.1
"99940","IN","Daviess County",3.3
"99941","IN","Kosciusko County",3.4
"99942","IN","Montgomery County",3.5
"99943","IN","Newton County",5.1
"99944","IN","Tippecanoe County",3.4
"99945","IN","Miami County",4.1
"99946","IN","Hancock County",3.3
"99947","IN","Carroll County",3.8
"99948","IN","LaGrange County",3.2
"99949","IN","Jackson County",3.3
"99950","IN","Posey County",3.8
"99951","IN","Ohio County",4.4
"99952","IN","Cass County",4.4
"99953","IN","Greene County",5.4
"99954","IN","LaPorte County",5.1
"99955","IN","Clinton County",3.4
"99956","IN","Union County",3.5
"99957","IN","Porter County",4.3
"99958","IN","Jay County",4
"99959","IN","Hamilton County",3
"99960","IN","Ripley County",3.9
"99961","MD","Cecil County",4.5
"99962","MD","Anne Arundel County",3.5
"99963","MD","Calvert County",3.4
"99964","MD","Prince George's County",4.1
"99965","MD","Talbot County",4.2
"99966","MD","Charles County",3.9
"99967","MD","Carroll County",3.2
"99968","MD","Dorchester County",5.8
"99969","MD","Allegany County",5.2
"99970","MD","Frederick County",3.4
"99971","MD","Montgomery County",3.1
"99972","MD","Saint Marys County",3.6
"99973","MD","Washington County",4.6
"99974","MD","Baltimore County",4.3
"99975","MD","Queen Annes County",3.5
"99976","MD","Garrett County",4.8
"99977","MD","Worcester County",10
"99978","MD","Baltimore City",5.9
"99979","MD","Wicomico County",6
"99980","MD","Howard County",3
"99981","MD","Harford County",3.7
"99982","MD","Kent County",4.4
"99983","MD","Caroline County",4.6
"99984","MD","Somerset County",6.6
"99985","ID","Jerome County",3.2
"99986","ID","Jefferson County",3
"99987","ID","Bonner County",5.4
"99988","ID","Owyhee County",4.5
"99989","ID","Minidoka County",3.1
"99990","ID","Payette County",4.2
"99991","ID","Caribou County",3.8
"99992","ID","Adams County",6.3
"99993","ID","Lemhi County",5.9
"99994","ID","Blaine County",3.4
"99995","ID","Valley County",6
"99996","ID","Latah County",2.9
"99997","ID","Kootenai County",4.6
"99998","ID","Lewis County",6.5
"99999","ID","Lincoln County",4
"100000","ID","Shoshone County",7.4
"100001","ID","Franklin County",3.1
"100002","ID","Washington County",5.2
"100003","ID","Cassia County",2.8
"100004","ID","Ada County",3.4
"100005","ID","Custer County",5.3
"100006","ID","Benewah County",6.1
"100007","ID","Madison County",2.3
"100008","ID","Power County",3.4
"100009","ID","Teton County",4.7
"100010","ID","Clark County",4.8
"100011","ID","Idaho County",5.6
"100012","ID","Bear Lake County",4.1
"100013","ID","Gem County",4.3
"100014","ID","Twin Falls County",3.3
"100015","ID","Gooding County",2.7
"100016","ID","Elmore County",4.1
"100017","ID","Bingham County",3.5
"100018","ID","Canyon County",4.2
"100019","ID","Boise County",5
"100020","ID","Fremont County",3
"100021","ID","Bonneville County",3.1
"100022","ID","Camas County",3.5
"100023","ID","Nez Perce County",3.3
"100024","ID","Oneida County",3.8
"100025","ID","Butte County",4
"100026","ID","Boundary County",5.2
"100027","ID","Bannock County",3.5
"100028","ID","Clearwater County",7.4
"100029","WY","Sweetwater County",5.2
"100030","WY","Campbell County",5.9
"100031","WY","Converse County",5.1
"100032","WY","Sublette County",5.2
"100033","WY","Weston County",4.4
"100034","WY","Big Horn County",4
"100035","WY","Lincoln County",3.8
"100036","WY","Natrona County",6
"100037","WY","Johnson County",4.4
"100038","WY","Platte County",4.1
"100039","WY","Hot Springs County",4.2
"100040","WY","Albany County",2.6
"100041","WY","Sheridan County",3.7
"100042","WY","Carbon County",3.8
"100043","WY","Laramie County",3.5
"100044","WY","Goshen County",2.8
"100045","WY","Niobrara County",2.6
"100046","WY","Crook County",3.7
"100047","WY","Fremont County",5.8
"100048","WY","Teton County",5.7
"100049","WY","Washakie County",3.6
"100050","WY","Uinta County",4.8
"100051","WY","Park County",4.4
"100052","TN","Cocke County",5.7
"100053","TN","Monroe County",5.2
"100054","TN","Overton County",5
"100055","TN","Madison County",4.7
"100056","TN","Marion County",6.3
"100057","TN","Giles County",4
"100058","TN","Knox County",3.9
"100059","TN","Stewart County",6.1
"100060","TN","Williamson County",3.4
"100061","TN","Dickson County",4
"100062","TN","Lincoln County",4.3
"100063","TN","Tipton County",5.4
"100064","TN","Lawrence County",5.3
"100065","TN","Benton County",6.2
"100066","TN","Haywood County",5.8
"100067","TN","Smith County",4.3
"100068","TN","Macon County",4.2
"100069","TN","Gibson County",5.8
"100070","TN","Scott County",7.5
"100071","TN","Hawkins County",5.2
"100072","TN","Robertson County",3.9
"100073","TN","Grainger County",5.3
"100074","TN","Davidson County",3.5
"100075","TN","McNairy County",7.1
"100076","TN","Jefferson County",4.9
"100077","TN","Campbell County",6.4
"100078","TN","Marshall County",4.4
"100079","TN","Rhea County",7.8
"100080","TN","Anderson County",4.8
"100081","TN","Morgan County",6
"100082","TN","Perry County",6.1
"100083","TN","Chester County",4.8
"100084","TN","Lake County",8.3
"100085","TN","White County",5.2
"100086","TN","Meigs County",6.3
"100087","TN","Fayette County",5.1
"100088","TN","Claiborne County",6
"100089","TN","Bedford County",4.7
"100090","TN","Shelby County",5.3
"100091","TN","Sequatchie County",5.7
"100092","TN","Decatur County",6.3
"100093","TN","Sullivan County",5.1
"100094","TN","Moore County",3.7
"100095","TN","Warren County",4.4
"100096","TN","Unicoi County",6.7
"100097","TN","Hardin County",6
"100098","TN","Maury County",3.9
"100099","TN","Rutherford County",3.6
"100100","TN","Cheatham County",3.8
"100101","TN","Franklin County",5
"100102","TN","Hamblen County",4.8
"100103","TN","Johnson County",4.8
"100104","TN","Clay County",6.4
"100105","TN","Roane County",5.3
"100106","TN","Henry County",5.6
"100107","TN","Cumberland County",5.8
"100108","TN","Crockett County",5
"100109","TN","Bledsoe County",6.7
"100110","TN","Washington County",4.7
"100111","TN","Carter County",5.6
"100112","TN","Loudon County",4.6
"100113","TN","Blount County",4.2
"100114","TN","Putnam County",4.8
"100115","TN","Hardeman County",5.9
"100116","TN","Weakley County",5.6
"100117","TN","Sevier County",4.1
"100118","TN","Montgomery County",5
"100119","TN","Humphreys County",5.4
"100120","TN","Wayne County",5.7
"100121","TN","Obion County",7
"100122","TN","Polk County",5.1
"100123","TN","Dekalb County",5.5
"100124","TN","Henderson County",6.2
"100125","TN","Grundy County",6.9
"100126","TN","Hancock County",7.1
"100127","TN","Carroll County",6.1
"100128","TN","Lewis County",5.5
"100129","TN","Jackson County",7
"100130","TN","Bradley County",4
"100131","TN","Cannon County",4.3
"100132","TN","Greene County",5.1
"100133","TN","Coffee County",4.7
"100134","TN","Dyer County",5.7
"100135","TN","Houston County",6.4
"100136","TN","Lauderdale County",7
"100137","TN","Sumner County",3.7
"100138","TN","McMinn County",5.3
"100139","TN","Fentress County",5.7
"100140","TN","Union County",5.5
"100141","TN","Hickman County",4.3
"100142","TN","Wilson County",3.7
"100143","TN","Trousdale County",4.2
"100144","TN","Hamilton County",4.6
"100145","TN","Pickett County",6
"100146","TN","Van Buren County",5.6
"100147","AZ","Pinal County",4.9
"100148","AZ","Greenlee County",6
"100149","AZ","La Paz County",5.5
"100150","AZ","Mohave County",5.8
"100151","AZ","Yuma County",16.7
"100152","AZ","Gila County",6.6
"100153","AZ","Maricopa County",4
"100154","AZ","Navajo County",7.2
"100155","AZ","Graham County",5.6
"100156","AZ","Pima County",4.4
"100157","AZ","Apache County",10.1
"100158","AZ","Coconino County",5.5
"100159","AZ","Cochise County",5.5
"100160","AZ","Santa Cruz County",9.1
"100161","AZ","Yavapai County",4.3
"100162","IA","Monroe County",4.7
"100163","IA","Taylor County",2.5
"100164","IA","Madison County",2.9
"100165","IA","Bremer County",3.3
"100166","IA","Adams County",2.1
"100167","IA","Marion County",2.5
"100168","IA","Linn County",3.1
"100169","IA","Poweshiek County",2.7
"100170","IA","Hardin County",3.3
"100171","IA","Allamakee County",4.2
"100172","IA","Lyon County",1.8
"100173","IA","Butler County",3.8
"100174","IA","Boone County",2.1
"100175","IA","Cerro Gordo County",3.2
"100176","IA","Benton County",3
"100177","IA","Clinton County",4.4
"100178","IA","Black Hawk County",4.1
"100179","IA","Van Buren County",3.4
"100180","IA","Cherokee County",2.6
"100181","IA","Scott County",4.1
"100182","IA","Buena Vista County",2.8
"100183","IA","Howard County",2.6
"100184","IA","Jefferson County",3.6
"100185","IA","Des Moines County",4.1
"100186","IA","Marshall County",3.9
"100187","IA","Wapello County",6.6
"100188","IA","Sioux County",1.4
"100189","IA","Page County",5.5
"100190","IA","Jasper County",3
"100191","IA","Sac County",2.4
"100192","IA","Winnebago County",3
"100193","IA","Appanoose County",4.6
"100194","IA","Mahaska County",3.3
"100195","IA","Pottawattamie County",2.7
"100196","IA","Emmet County",4.9
"100197","IA","Keokuk County",3.7
"100198","IA","Clayton County",3.7
"100199","IA","Fremont County",2.9
"100200","IA","Fayette County",3.8
"100201","IA","Shelby County",2.4
"100202","IA","Decatur County",2.8
"100203","IA","Warren County",2.6
"100204","IA","Lee County",5.3
"100205","IA","Winneshiek County",2.3
"100206","IA","O'Brien County",2.1
"100207","IA","Cedar County",2.6
"100208","IA","Ringgold County",2.7
"100209","IA","Delaware County",3
"100210","IA","Muscatine County",3.2
"100211","IA","Franklin County",2.9
"100212","IA","Monona County",3
"100213","IA","Johnson County",2.1
"100214","IA","Clay County",3.6
"100215","IA","Henry County",3
"100216","IA","Crawford County",4.4
"100217","IA","Union County",3.1
"100218","IA","Washington County",2.5
"100219","IA","Ida County",2
"100220","IA","Plymouth County",2.8
"100221","IA","Harrison County",2.6
"100222","IA","Tama County",3.3
"100223","IA","Floyd County",2.9
"100224","IA","Guthrie County",2.6
"100225","IA","Montgomery County",3.4
"100226","IA","Kossuth County",2
"100227","IA","Webster County",3.2
"100228","IA","Wayne County",3.1
"100229","IA","Humboldt County",2.2
"100230","IA","Polk County",3
"100231","IA","Calhoun County",3
"100232","IA","Clarke County",2.7
"100233","IA","Buchanan County",3.3
"100234","IA","Wright County",3.7
"100235","IA","Lucas County",2.5
"100236","IA","Grundy County",2.9
"100237","IA","Adair County",2.3
"100238","IA","Hancock County",2.2
"100239","IA","Dickinson County",4.5
"100240","IA","Carroll County",2.2
"100241","IA","Jones County",3.1
"100242","IA","Jackson County",3.1
"100243","IA","Dubuque County",2.7
"100244","IA","Davis County",5
"100245","IA","Woodbury County",3.3
"100246","IA","Cass County",2.3
"100247","IA","Iowa County",2.4
"100248","IA","Chickasaw County",3.3
"100249","IA","Greene County",2.1
"100250","IA","Story County",1.7
"100251","IA","Mills County",3
"100252","IA","Osceola County",2.7
"100253","IA","Worth County",2.8
"100254","IA","Palo Alto County",3
"100255","IA","Louisa County",3.3
"100256","IA","Mitchell County",2
"100257","IA","Audubon County",2.2
"100258","IA","Dallas County",2.2
"100259","IA","Hamilton County",3
"100260","IA","Pocahontas County",2.3
"100261","MI","Livingston County",3.9
"100262","MI","Clare County",6.3
"100263","MI","Macomb County",5
"100264","MI","Baraga County",6.9
"100265","MI","Mason County",5
"100266","MI","Eaton County",3.2
"100267","MI","Calhoun County",4.1
"100268","MI","Iosco County",6
"100269","MI","Benzie County",5.3
"100270","MI","Alcona County",6.9
"100271","MI","Alger County",8.4
"100272","MI","Gladwin County",5.7
"100273","MI","Huron County",4
"100274","MI","Mecosta County",4.4
"100275","MI","Menominee County",5.2
"100276","MI","Marquette County",5.1
"100277","MI","Gratiot County",4.7
"100278","MI","Kalkaska County",5.8
"100279","MI","Montmorency County",9.8
"100280","MI","Saint Joseph County",3.9
"100281","MI","Charlevoix County",4.8
"100282","MI","Mackinac County",11.1
"100283","MI","Washtenaw County",3
"100284","MI","Dickinson County",4.4
"100285","MI","Barry County",3.3
"100286","MI","Arenac County",7.1
"100287","MI","Tuscola County",5.1
"100288","MI","Oscoda County",6.5
"100289","MI","Wayne County",6
"100290","MI","Roscommon County",7.3
"100291","MI","Alpena County",5
"100292","MI","Jackson County",4.3
"100293","MI","Saginaw County",4.4
"100294","MI","Missaukee County",4.5
"100295","MI","Genesee County",4.7
"100296","MI","Hillsdale County",4.7
"100297","MI","Cheboygan County",9.7
"100298","MI","Wexford County",4.9
"100299","MI","Berrien County",4.4
"100300","MI","Oceana County",6
"100301","MI","Oakland County",4.1
"100302","MI","Lapeer County",5.7
"100303","MI","Cass County",4.3
"100304","MI","Allegan County",3.3
"100305","MI","Crawford County",6.9
"100306","MI","Bay County",4.4
"100307","MI","Emmet County",6
"100308","MI","Grand Traverse County",3.6
"100309","MI","Isabella County",3.9
"100310","MI","Houghton County",4.8
"100311","MI","Muskegon County",4.6
"100312","MI","Lake County",6.3
"100313","MI","Chippewa County",6.2
"100314","MI","Clinton County",3
"100315","MI","Manistee County",5.6
"100316","MI","Osceola County",4.8
"100317","MI","Ottawa County",3
"100318","MI","Lenawee County",3.7
"100319","MI","Ionia County",3.5
"100320","MI","Sanilac County",4.8
"100321","MI","Gogebic County",6.1
"100322","MI","Delta County",5.5
"100323","MI","Otsego County",5.7
"100324","MI","Montcalm County",4.3
"100325","MI","Monroe County",3.7
"100326","MI","Shiawassee County",4.3
"100327","MI","Iron County",5.8
"100328","MI","Ingham County",3.6
"100329","MI","Branch County",4.3
"100330","MI","Saint Clair County",5.5
"100331","MI","Schoolcraft County",7.6
"100332","MI","Kalamazoo County",3.6
"100333","MI","Keweenaw County",8
"100334","MI","Ogemaw County",6.5
"100335","MI","Leelanau County",4.1
"100336","MI","Midland County",4.1
"100337","MI","Antrim County",6.3
"100338","MI","Ontonagon County",8.1
"100339","MI","Newaygo County",4
"100340","MI","Kent County",3.1
"100341","MI","Presque Isle County",8
"100342","MI","Luce County",6.4
"100343","MI","Van Buren County",4.7
"100344","KS","Wabaunsee County",4
"100345","KS","Stanton County",2.7
"100346","KS","Doniphan County",3.7
"100347","KS","Gray County",2.3
"100348","KS","Marion County",3.9
"100349","KS","Linn County",5.8
"100350","KS","Reno County",4.2
"100351","KS","Lincoln County",3.4
"100352","KS","Shawnee County",3.7
"100353","KS","Cowley County",4.2
"100354","KS","Saline County",3.5
"100355","KS","Logan County",2.3
"100356","KS","Chase County",3.1
"100357","KS","Lyon County",3.8
"100358","KS","Butler County",4
"100359","KS","Wyandotte County",5.1
"100360","KS","Sheridan County",2.4
"100361","KS","Smith County",3.1
"100362","KS","Brown County",3.4
"100363","KS","Clark County",2.4
"100364","KS","Rooks County",4.2
"100365","KS","Cherokee County",4.1
"100366","KS","Nemaha County",2.5
"100367","KS","Ford County",3.1
"100368","KS","Scott County",2.3
"100369","KS","Harper County",3.7
"100370","KS","Grant County",3.5
"100371","KS","Stafford County",3.7
"100372","KS","Pratt County",3.7
"100373","KS","Kingman County",4.1
"100374","KS","Rush County",3.7
"100375","KS","Greenwood County",4.4
"100376","KS","Greeley County",2.1
"100377","KS","Sedgwick County",4.3
"100378","KS","Jefferson County",3.5
"100379","KS","Marshall County",3.1
"100380","KS","Morton County",3.8
"100381","KS","Norton County",2.3
"100382","KS","Rawlins County",2.3
"100383","KS","Bourbon County",4.4
"100384","KS","Meade County",3
"100385","KS","Ellsworth County",3.5
"100386","KS","Wichita County",2.5
"100387","KS","Douglas County",3.2
"100388","KS","Kiowa County",3
"100389","KS","Seward County",4
"100390","KS","Haskell County",2.5
"100391","KS","Hodgeman County",2.8
"100392","KS","Osage County",4.3
"100393","KS","Russell County",3.8
"100394","KS","Decatur County",3.3
"100395","KS","Pottawatomie County",3.3
"100396","KS","Edwards County",3.1
"100397","KS","Sumner County",3.9
"100398","KS","Labette County",5.2
"100399","KS","Thomas County",2.7
"100400","KS","Republic County",3
"100401","KS","Osborne County",3.3
"100402","KS","Leavenworth County",3.9
"100403","KS","Ness County",3.4
"100404","KS","Jewell County",4
"100405","KS","Franklin County",3.6
"100406","KS","Allen County",4.8
"100407","KS","Johnson County",3.1
"100408","KS","Clay County",3.9
"100409","KS","Crawford County",4.4
"100410","KS","Coffey County",5.5
"100411","KS","Neosho County",6.4
"100412","KS","Gove County",2.5
"100413","KS","Washington County",3
"100414","KS","Woodson County",5.4
"100415","KS","Ottawa County",3.4
"100416","KS","Barber County",3.4
"100417","KS","McPherson County",2.9
"100418","KS","Montgomery County",5.6
"100419","KS","Ellis County",2.8
"100420","KS","Cloud County",4.4
"100421","KS","Stevens County",3.3
"100422","KS","Anderson County",3.7
"100423","KS","Barton County",4.1
"100424","KS","Miami County",3.7
"100425","KS","Dickinson County",4
"100426","KS","Trego County",3.2
"100427","KS","Pawnee County",3.2
"100428","KS","Jackson County",3.3
"100429","KS","Comanche County",2.8
"100430","KS","Graham County",3.5
"100431","KS","Atchison County",5.7
"100432","KS","Wallace County",2.6
"100433","KS","Geary County",5.1
"100434","KS","Riley County",3
"100435","KS","Harvey County",4.1
"100436","KS","Phillips County",2.7
"100437","KS","Finney County",2.9
"100438","KS","Sherman County",3.4
"100439","KS","Kearny County",2.9
"100440","KS","Elk County",4.6
"100441","KS","Rice County",3.6
"100442","KS","Wilson County",5.8
"100443","KS","Cheyenne County",3
"100444","KS","Hamilton County",2.5
"100445","KS","Lane County",3.2
"100446","KS","Chautauqua County",5.1
"100447","KS","Mitchell County",2.9
"100448","KS","Morris County",3.8
"100449","UT","Wayne County",6.9
"100450","UT","Beaver County",4.6
"100451","UT","San Juan County",5.9
"100452","UT","Duchesne County",5.9
"100453","UT","Piute County",4.8
"100454","UT","Daggett County",4.3
"100455","UT","Morgan County",2.2
"100456","UT","Box Elder County",2.7
"100457","UT","Davis County",2.4
"100458","UT","Garfield County",6.8
"100459","UT","Iron County",3.6
"100460","UT","Tooele County",2.8
"100461","UT","Carbon County",4.3
"100462","UT","Washington County",2.7
"100463","UT","Emery County",4.2
"100464","UT","Weber County",2.9
"100465","UT","Sanpete County",2.8
"100466","UT","Millard County",2.8
"100467","UT","Sevier County",3.2
"100468","UT","Cache County",2.2
"100469","UT","Grand County",4.9
"100470","UT","Juab County",2.4
"100471","UT","Utah County",2.2
"100472","UT","Uintah County",6.5
"100473","UT","Wasatch County",2.6
"100474","UT","Summit County",2.9
"100475","UT","Salt Lake County",2.4
"100476","UT","Rich County",3.2
"100477","UT","Kane County",2.8
"100478","VA","Hanover County",3.4
"100479","VA","Madison County",3
"100480","VA","Norfolk City",5.1
"100481","VA","Colonial Heights City",4.4
"100482","VA","Page County",5.3
"100483","VA","Giles County",5.1
"100484","VA","Northumberland County",4.5
"100485","VA","York County",3.9
"100486","VA","Craig County",4.8
"100487","VA","Martinsville City",6.8
"100488","VA","Suffolk City",4.6
"100489","VA","Manassas City",3.5
"100490","VA","Lexington City",6.3
"100491","VA","Orange County",3.9
"100492","VA","Dinwiddie County",4.5
"100493","VA","Rockingham County",3.4
"100494","VA","Fairfax City",3
"100495","VA","Spotsylvania County",4
"100496","VA","Accomack County",5
"100497","VA","Alexandria City",3
"100498","VA","Augusta County",3.8
"100499","VA","Falls Church City",2.7
"100500","VA","Northampton County",5.8
"100501","VA","Chesterfield County",3.8
"100502","VA","Brunswick County",5.6
"100503","VA","Gloucester County",3.6
"100504","VA","Scott County",4.6
"100505","VA","Goochland County",3.7
"100506","VA","Surry County",4.4
"100507","VA","Stafford County",3.9
"100508","VA","Rockbridge County",4.5
"100509","VA","Williamsburg City",5.3
"100510","VA","Danville City",5.8
"100511","VA","Nottoway County",3.8
"100512","VA","Roanoke City",4.2
"100513","VA","Middlesex County",3.6
"100514","VA","Staunton City",4
"100515","VA","Fauquier County",3.4
"100516","VA","King William County",3.8
"100517","VA","Lunenburg County",4.8
"100518","VA","Powhatan County",3.5
"100519","VA","Campbell County",4.4
"100520","VA","Norton City",6.7
"100521","VA","Pulaski County",5.3
"100522","VA","Fairfax County",3.2
"100523","VA","Bristol City",5.4
"100524","VA","Henrico County",3.8
"100525","VA","Lynchburg City",4.9
"100526","VA","Wythe County",5.8
"100527","VA","Radford City",4.9
"100528","VA","Greensville County",5.2
"100529","VA","Essex County",5
"100530","VA","Highland County",3.4
"100531","VA","Roanoke County",3.6
"100532","VA","Charlottesville City",3.1
"100533","VA","Amelia County",4.1
"100534","VA","Lancaster County",4.6
"100535","VA","Shenandoah County",3.6
"100536","VA","Franklin City",5.7
"100537","VA","Pittsylvania County",4.7
"100538","VA","Richmond County",3.6
"100539","VA","Appomattox County",4.6
"100540","VA","King and Queen County",4.3
"100541","VA","Dickenson County",9.1
"100542","VA","Buena Vista City",5
"100543","VA","Russell County",6.2
"100544","VA","Bedford County",4.1
"100545","VA","Alleghany County",5.2
"100546","VA","Manassas Park City",3.5
"100547","VA","Waynesboro City",4.3
"100548","VA","Culpeper County",3.7
"100549","VA","Warren County",3.9
"100550","VA","Prince Edward County",5.2
"100551","VA","Richmond City",4.5
"100552","VA","Westmoreland County",4.5
"100553","VA","Fredericksburg City",4.7
"100554","VA","Mathews County",3.8
"100555","VA","Halifax County",5.7
"100556","VA","Lee County",6.6
"100557","VA","Patrick County",5.6
"100558","VA","Newport News City",5
"100559","VA","Fluvanna County",3.2
"100560","VA","Charlotte County",5.1
"100561","VA","Franklin County",4.2
"100562","VA","Grayson County",4.6
"100563","VA","New Kent County",3.4
"100564","VA","Henry County",5.8
"100565","VA","Loudoun County",3.2
"100566","VA","Sussex County",6.2
"100567","VA","Albemarle County",3.3
"100568","VA","Botetourt County",3.6
"100569","VA","Cumberland County",4.7
"100570","VA","Mecklenburg County",5.5
"100571","VA","Isle of Wight County",4.2
"100572","VA","Emporia City",6
"100573","VA","James City County",3.8
"100574","VA","Southampton County",3.9
"100575","VA","Smyth County",5.7
"100576","VA","Winchester City",3.8
"100577","VA","Floyd County",3.9
"100578","VA","Prince William County",3.6
"100579","VA","Poquoson City",3.6
"100580","VA","Montgomery County",3.9
"100581","VA","Petersburg City",7.3
"100582","VA","Charles City County",4.4
"100583","VA","Caroline County",4.3
"100584","VA","Virginia Beach City",4
"100585","VA","Clarke County",3.6
"100586","VA","Covington City",5.9
"100587","VA","Buchanan County",9.6
"100588","VA","Bland County",5
"100589","VA","Tazewell County",7.2
"100590","VA","Arlington County",2.7
"100591","VA","Wise County",8.2
"100592","VA","Amherst County",4.3
"100593","VA","Bath County",3.6
"100594","VA","Hampton City",5.6
"100595","VA","Carroll County",4.9
"100596","VA","Buckingham County",5.5
"100597","VA","Rappahannock County",3.4
"100598","VA","Frederick County",3.3
"100599","VA","Nelson County",3.4
"100600","VA","Greene County",3
"100601","VA","Prince George County",4.7
"100602","VA","Portsmouth City",5.9
"100603","VA","Washington County",4.5
"100604","VA","King George County",4.1
"100605","VA","Salem City",3.9
"100606","VA","Louisa County",3.6
"100607","VA","Harrisonburg City",4.4
"100608","VA","Hopewell City",6.5
"100609","VA","Chesapeake City",4.2
"100610","VA","Galax City",5.1
"100611","OR","Polk County",4.6
"100612","OR","Yamhill County",4.3
"100613","OR","Jefferson County",6.2
"100614","OR","Josephine County",6
"100615","OR","Hood River County",4.2
"100616","OR","Klamath County",6.3
"100617","OR","Baker County",6
"100618","OR","Curry County",7.1
"100619","OR","Linn County",5.3
"100620","OR","Umatilla County",5.3
"100621","OR","Lincoln County",5.5
"100622","OR","Jackson County",5.1
"100623","OR","Marion County",4.6
"100624","OR","Tillamook County",4.8
"100625","OR","Wasco County",4.8
"100626","OR","Morrow County",5
"100627","OR","Malheur County",4.8
"100628","OR","Clatsop County",4.6
"100629","OR","Benton County",3.4
"100630","OR","Union County",5.5
"100631","OR","Coos County",6.2
"100632","OR","Lake County",6.5
"100633","OR","Washington County",3.8
"100634","OR","Douglas County",6
"100635","OR","Clackamas County",4.1
"100636","OR","Sherman County",4
"100637","OR","Crook County",6.5
"100638","OR","Gilliam County",4.8
"100639","OR","Harney County",5.7
"100640","OR","Deschutes County",4.5
"100641","OR","Columbia County",5.7
"100642","OR","Wheeler County",4.6
"100643","OR","Grant County",6.4
"100644","OR","Wallowa County",6.4
"100645","OR","Lane County",4.9
"100646","OR","Multnomah County",3.9
"100647","CT","Tolland County",3.1
"100648","CT","Fairfield County",3.6
"100649","CT","New London County",3.7
"100650","CT","Litchfield County",3.2
"100651","CT","Hartford County",3.9
"100652","CT","New Haven County",4.1
"100653","CT","Windham County",3.9
"100654","CT","Middlesex County",3
"100655","MT","Pondera County",3.8
"100656","MT","Daniels County",2.3
"100657","MT","Jefferson County",4
"100658","MT","Madison County",4.3
"100659","MT","Hill County",4
"100660","MT","Ravalli County",4.1
"100661","MT","Sanders County",6.7
"100662","MT","Chouteau County",2.9
"100663","MT","Deer Lodge County",3.9
"100664","MT","Meagher County",4.4
"100665","MT","Wibaux County",3.3
"100666","MT","Blaine County",3.8
"100667","MT","Roosevelt County",4.1
"100668","MT","Beaverhead County",3
"100669","MT","Gallatin County",3.1
"100670","MT","Valley County",2.9
"100671","MT","Lewis and Clark County",3.1
"100672","MT","Big Horn County",5.5
"100673","MT","Lincoln County",8.5
"100674","MT","Treasure County",2.9
"100675","MT","Mineral County",6.9
"100676","MT","McCone County",2.4
"100677","MT","Musselshell County",4
"100678","MT","Silver Bow County",3.7
"100679","MT","Powder River County",2.4
"100680","MT","Garfield County",2.8
"100681","MT","Granite County",5.4
"100682","MT","Custer County",2.7
"100683","MT","Carbon County",3.3
"100684","MT","Petroleum County",4.9
"100685","MT","Cascade County",3.4
"100686","MT","Fergus County",3.4
"100687","MT","Rosebud County",4.7
"100688","MT","Fallon County",2.6
"100689","MT","Lake County",4.2
"100690","MT","Golden Valley County",4.1
"100691","MT","Dawson County",3.3
"100692","MT","Teton County",3.8
"100693","MT","Carter County",2.3
"100694","MT","Liberty County",2.8
"100695","MT","Sheridan County",2.8
"100696","MT","Yellowstone County",3.1
"100697","MT","Powell County",4.9
"100698","MT","Glacier County",7.7
"100699","MT","Prairie County",3
"100700","MT","Phillips County",4.1
"100701","MT","Richland County",3.8
"100702","MT","Broadwater County",4.1
"100703","MT","Sweet Grass County",2.8
"100704","MT","Stillwater County",3.5
"100705","MT","Flathead County",5.4
"100706","MT","Wheatland County",4.5
"100707","MT","Park County",4.4
"100708","MT","Toole County",3.4
"100709","MT","Missoula County",3.3
"100710","MT","Judith Basin County",3.5
"100711","CA","Humboldt County",4.5
"100712","CA","Sonoma County",3.7
"100713","CA","San Luis Obispo County",3.8
"100714","CA","Glenn County",7.2
"100715","CA","Nevada County",4.5
"100716","CA","Yolo County",5.5
"100717","CA","Sacramento County",5
"100718","CA","Fresno County",9.3
"100719","CA","Calaveras County",5.4
"100720","CA","Marin County",3
"100721","CA","Lassen County",6.1
"100722","CA","Contra Costa County",4.1
"100723","CA","Yuba County",7.9
"100724","CA","Del Norte County",7.3
"100725","CA","San Mateo County",2.8
"100726","CA","Mono County",5.8
"100727","CA","Merced County",9.4
"100728","CA","Santa Cruz County",6.1
"100729","CA","Ventura County",5
"100730","CA","Placer County",4.1
"100731","CA","Inyo County",4.8
"100732","CA","Stanislaus County",7.9
"100733","CA","Orange County",3.7
"100734","CA","Trinity County",6.4
"100735","CA","Alpine County",7.4
"100736","CA","Madera County",8.9
"100737","CA","Imperial County",22.1
"100738","CA","Kings County",9.3
"100739","CA","Mariposa County",6.3
"100740","CA","San Benito County",5.9
"100741","CA","Lake County",6.6
"100742","CA","El Dorado County",4.7
"100743","CA","Solano County",5.1
"100744","CA","Los Angeles County",4.8
"100745","CA","San Diego County",4.3
"100746","CA","Alameda County",4
"100747","CA","Colusa County",15.3
"100748","CA","Sierra County",6.5
"100749","CA","Tehama County",6.4
"100750","CA","Modoc County",7.8
"100751","CA","Amador County",5.5
"100752","CA","San Joaquin County",7.7
"100753","CA","Siskiyou County",7.8
"100754","CA","Riverside County",5.7
"100755","CA","San Francisco County",3.1
"100756","CA","San Bernardino County",5.3
"100757","CA","Santa Clara County",3.5
"100758","CA","Tulare County",10.8
"100759","CA","Shasta County",6.4
"100760","CA","Santa Barbara County",4.6
"100761","CA","Monterey County",6.6
"100762","CA","Tuolumne County",5.7
"100763","CA","Sutter County",9.3
"100764","CA","Butte County",5.9
"100765","CA","Kern County",9.1
"100766","CA","Napa County",4.2
"100767","CA","Mendocino County",5.1
"100768","CA","Plumas County",8.6
"100769","MA","Hampden County",3.4
"100770","MA","Nantucket County",3.1
"100771","MA","Bristol County",3.1
"100772","MA","Berkshire County",2.9
"100773","MA","Worcester County",2.7
"100774","MA","Essex County",2.7
"100775","MA","Norfolk County",2.3
"100776","MA","Suffolk County",2.4
"100777","MA","Franklin County",2.3
"100778","MA","Barnstable County",3.4
"100779","MA","Dukes County",4.1
"100780","MA","Plymouth County",2.6
"100781","MA","Middlesex County",2.1
"100782","MA","Hampshire County",2.2
"100783","WV","Tyler County",7.5
"100784","WV","Wayne County",5.7
"100785","WV","Monroe County",3.5
"100786","WV","Mason County",6.1
"100787","WV","Calhoun County",11.2
"100788","WV","Wirt County",7.7
"100789","WV","Jefferson County",2.7
"100790","WV","Kanawha County",4.8
"100791","WV","Pleasants County",7
"100792","WV","Marshall County",6.5
"100793","WV","Greenbrier County",4.6
"100794","WV","Preston County",4.6
"100795","WV","Wood County",5
"100796","WV","Upshur County",6.3
"100797","WV","Monongalia County",3.4
"100798","WV","Brooke County",5.9
"100799","WV","Ritchie County",6.3
"100800","WV","Marion County",5.3
"100801","WV","Hancock County",5.7
"100802","WV","Cabell County",4.1
"100803","WV","Wyoming County",7.5
"100804","WV","Lincoln County",6.7
"100805","WV","Jackson County",5.4
"100806","WV","Mineral County",5
"100807","WV","Randolph County",5.2
"100808","WV","Mingo County",10.5
"100809","WV","Summers County",5.5
"100810","WV","Logan County",8.4
"100811","WV","Mercer County",5.7
"100812","WV","Ohio County",4.6
"100813","WV","Clay County",9.1
"100814","WV","Roane County",9.1
"100815","WV","Raleigh County",5.8
"100816","WV","Boone County",7
"100817","WV","Taylor County",4.6
"100818","WV","Berkeley County",3.3
"100819","WV","Wetzel County",7.3
"100820","WV","Doddridge County",4.5
"100821","WV","Harrison County",5
"100822","WV","Putnam County",4.3
"100823","WV","Barbour County",5.3
"100824","WV","Hardy County",4.8
"100825","WV","Hampshire County",3.4
"100826","WV","Morgan County",3.7
"100827","WV","Tucker County",4.7
"100828","WV","Lewis County",6.9
"100829","WV","Fayette County",7.1
"100830","WV","Gilmer County",6.3
"100831","WV","Nicholas County",7.8
"100832","WV","Grant County",4.9
"100833","WV","Braxton County",7.5
"100834","WV","Pendleton County",3.2
"100835","WV","Webster County",7.3
"100836","WV","McDowell County",10.8
"100837","WV","Pocahontas County",7.2
"100838","SC","Sumter County",4.9
"100839","SC","Calhoun County",5.3
"100840","SC","Colleton County",4.3
"100841","SC","Greenville County",3.4
"100842","SC","Dillon County",5.3
"100843","SC","Hampton County",4.5
"100844","SC","Lee County",5.7
"100845","SC","Anderson County",3.6
"100846","SC","Edgefield County",4.6
"100847","SC","Jasper County",3.5
"100848","SC","Charleston County",3.2
"100849","SC","Dorchester County",3.6
"100850","SC","Bamberg County",7.4
"100851","SC","Darlington County",5.2
"100852","SC","Fairfield County",5.7
"100853","SC","Marion County",7.5
"100854","SC","Lexington County",3.3
"100855","SC","Allendale County",7.3
"100856","SC","Marlboro County",6.6
"100857","SC","Chester County",5.8
"100858","SC","Williamsburg County",5.9
"100859","SC","Union County",4.6
"100860","SC","Berkeley County",3.6
"100861","SC","York County",3.8
"100862","SC","Orangeburg County",7.2
"100863","SC","Lancaster County",4.3
"100864","SC","Horry County",4.9
"100865","SC","Abbeville County",4.2
"100866","SC","Cherokee County",4.6
"100867","SC","McCormick County",4.2
"100868","SC","Florence County",4.2
"100869","SC","Clarendon County",5.2
"100870","SC","Chesterfield County",4
"100871","SC","Spartanburg County",3.8
"100872","SC","Richland County",4
"100873","SC","Beaufort County",3.8
"100874","SC","Saluda County",3.5
"100875","SC","Kershaw County",4.3
"100876","SC","Aiken County",4
"100877","SC","Barnwell County",5.8
"100878","SC","Oconee County",3.8
"100879","SC","Pickens County",4
"100880","SC","Newberry County",3.5
"100881","SC","Georgetown County",5.2
"100882","SC","Greenwood County",4.2
"100883","SC","Laurens County",4
"100884","NH","Rockingham County",2.6
"100885","NH","Grafton County",2.3
"100886","NH","Carroll County",2.7
"100887","NH","Strafford County",2.2
"100888","NH","Coos County",3.6
"100889","NH","Belknap County",2.5
"100890","NH","Cheshire County",2.4
"100891","NH","Hillsborough County",2.6
"100892","NH","Sullivan County",2.1
"100893","NH","Merrimack County",2.2
"100894","WI","Waupaca County",3.4
"100895","WI","Menominee County",6.9
"100896","WI","Sheboygan County",3.2
"100897","WI","Green County",2.8
"100898","WI","Kenosha County",4.2
"100899","WI","Jefferson County",3.6
"100900","WI","La Crosse County",3.1
"100901","WI","Pepin County",3.2
"100902","WI","Sawyer County",5.3
"100903","WI","Lafayette County",2.8
"100904","WI","Outagamie County",3.2
"100905","WI","Manitowoc County",3.7
"100906","WI","Wood County",4.1
"100907","WI","Buffalo County",3.8
"100908","WI","Marquette County",4.5
"100909","WI","Calumet County",2.9
"100910","WI","Eau Claire County",3
"100911","WI","Adams County",5.2
"100912","WI","Marinette County",4.9
"100913","WI","Waukesha County",3.2
"100914","WI","Polk County",4.1
"100915","WI","Marathon County",3.1
"100916","WI","Ozaukee County",3.1
"100917","WI","Burnett County",5.2
"100918","WI","Ashland County",4.8
"100919","WI","Lincoln County",3.8
"100920","WI","Jackson County",3.6
"100921","WI","Rusk County",4.4
"100922","WI","Green Lake County",4.3
"100923","WI","Kewaunee County",3.1
"100924","WI","Shawano County",3.5
"100925","WI","Vilas County",5
"100926","WI","Rock County",3.8
"100927","WI","Barron County",3.6
"100928","WI","Pierce County",3.7
"100929","WI","Door County",4.4
"100930","WI","Saint Croix County",3.4
"100931","WI","Winnebago County",3.3
"100932","WI","Walworth County",3.5
"100933","WI","Taylor County",3.6
"100934","WI","Milwaukee County",4.6
"100935","WI","Dodge County",3.2
"100936","WI","Chippewa County",3.4
"100937","WI","Washington County",3.1
"100938","WI","Brown County",3.3
"100939","WI","Clark County",3.1
"100940","WI","Sauk County",3.3
"100941","WI","Dunn County",3.3
"100942","WI","Oneida County",4.3
"100943","WI","Racine County",4.4
"100944","WI","Juneau County",4.2
"100945","WI","Douglas County",5
"100946","WI","Florence County",5.6
"100947","WI","Oconto County",3.5
"100948","WI","Monroe County",3.9
"100949","WI","Bayfield County",6.2
"100950","WI","Richland County",3.2
"100951","WI","Iron County",6.3
"100952","WI","Columbia County",3.2
"100953","WI","Price County",4.1
"100954","WI","Portage County",3.2
"100955","WI","Vernon County",3.2
"100956","WI","Grant County",3.2
"100957","WI","Crawford County",4
"100958","WI","Washburn County",4.3
"100959","WI","Iowa County",2.8
"100960","WI","Trempealeau County",3
"100961","WI","Fond du Lac County",2.9
"100962","WI","Langlade County",4.3
"100963","WI","Waushara County",4.3
"100964","WI","Forest County",5.3
"100965","WI","Dane County",2.7
"100966","VT","Caledonia County",3.6
"100967","VT","Chittenden County",2.2
"100968","VT","Essex County",5.3
"100969","VT","Windham County",3.1
"100970","VT","Lamoille County",3.9
"100971","VT","Addison County",2.6
"100972","VT","Washington County",2.8
"100973","VT","Franklin County",2.9
"100974","VT","Bennington County",3.5
"100975","VT","Windsor County",2.7
"100976","VT","Orange County",2.6
"100977","VT","Grand Isle County",3.6
"100978","VT","Orleans County",4.3
"100979","VT","Rutland County",3.4
"100980","ND","Renville County",3.8
"100981","ND","Williams County",3.5
"100982","ND","Stutsman County",2.1
"100983","ND","Eddy County",3.5
"100984","ND","Slope County",2
"100985","ND","Emmons County",4.4
"100986","ND","Traill County",2.1
"100987","ND","Griggs County",2.2
"100988","ND","Morton County",2.8
"100989","ND","Towner County",2
"100990","ND","Dickey County",1.8
"100991","ND","Ramsey County",2.4
"100992","ND","Adams County",2.1
"100993","ND","Bowman County",2.1
"100994","ND","Sioux County",4
"100995","ND","Ward County",3.2
"100996","ND","McLean County",2.8
"100997","ND","Burleigh County",2.2
"100998","ND","Steele County",2
"100999","ND","Cavalier County",2.1
"101000","ND","Mountrail County",2.7
"101001","ND","Bottineau County",3.2
"101002","ND","Ransom County",1.8
"101003","ND","Logan County",2.6
"101004","ND","Mercer County",4.5
"101005","ND","Foster County",2.1
"101006","ND","McHenry County",4.1
"101007","ND","Cass County",2
"101008","ND","Benson County",3.4
"101009","ND","Nelson County",2.8
"101010","ND","McKenzie County",3.1
"101011","ND","Pierce County",3.2
"101012","ND","Billings County",2.8
"101013","ND","Golden Valley County",2.2
"101014","ND","Divide County",2.2
"101015","ND","Stark County",3.2
"101016","ND","Dunn County",2.8
"101017","ND","Rolette County",7.1
"101018","ND","Burke County",4.5
"101019","ND","McIntosh County",2.6
"101020","ND","Barnes County",2.4
"101021","ND","Sheridan County",4.2
"101022","ND","Kidder County",2.8
"101023","ND","Sargent County",1.7
"101024","ND","Richland County",2.3
"101025","ND","Lamoure County",1.7
"101026","ND","Walsh County",2.8
"101027","ND","Wells County",3.1
"101028","ND","Oliver County",5.1
"101029","ND","Grant County",2.8
"101030","ND","Grand Forks County",2.1
"101031","ND","Hettinger County",2.7
"101032","ND","Pembina County",3.8
"101033","PA","Wayne County",5.2
"101034","PA","Luzerne County",5.7
"101035","PA","Westmoreland County",5.2
"101036","PA","Allegheny County",4.8
"101037","PA","Wyoming County",5.3
"101038","PA","Jefferson County",6.1
"101039","PA","Cameron County",6.7
"101040","PA","Beaver County",5.7
"101041","PA","Erie County",5.9
"101042","PA","Monroe County",5.8
"101043","PA","Susquehanna County",4.8
"101044","PA","Adams County",3.5
"101045","PA","Schuylkill County",5.7
"101046","PA","Perry County",4.1
"101047","PA","York County",4.1
"101048","PA","Fulton County",5.5
"101049","PA","Cumberland County",3.7
"101050","PA","Lebanon County",4.1
"101051","PA","Mc Kean County",6.1
"101052","PA","Delaware County",4.5
"101053","PA","Potter County",6.9
"101054","PA","Pike County",6
"101055","PA","Lycoming County",5.6
"101056","PA","Northumberland County",5.9
"101057","PA","Berks County",4.5
"101058","PA","Franklin County",4.6
"101059","PA","Mercer County",5.5
"101060","PA","Bucks County",4.3
"101061","PA","Lawrence County",6
"101062","PA","Butler County",4.5
"101063","PA","Indiana County",6
"101064","PA","Crawford County",5.5
"101065","PA","Chester County",3.6
"101066","PA","Venango County",6.8
"101067","PA","Greene County",6.3
"101068","PA","Clearfield County",6.4
"101069","PA","Clarion County",5.4
"101070","PA","Blair County",4.8
"101071","PA","Carbon County",5.6
"101072","PA","Montour County",3.7
"101073","PA","Clinton County",5.7
"101074","PA","Tioga County",6.1
"101075","PA","Washington County",5.5
"101076","PA","Bradford County",5.3
"101077","PA","Centre County",3.5
"101078","PA","Dauphin County",4.4
"101079","PA","Sullivan County",5.3
"101080","PA","Lehigh County",5
"101081","PA","Northampton County",4.8
"101082","PA","Cambria County",6
"101083","PA","Lancaster County",3.8
"101084","PA","Juniata County",4.9
"101085","PA","Union County",4.4
"101086","PA","Lackawanna County",5
"101087","PA","Columbia County",4.6
"101088","PA","Fayette County",7.3
"101089","PA","Armstrong County",6.4
"101090","PA","Elk County",5.4
"101091","PA","Huntingdon County",6.3
"101092","PA","Snyder County",4.5
"101093","PA","Bedford County",5.3
"101094","PA","Montgomery County",3.8
"101095","PA","Mifflin County",5.1
"101096","PA","Warren County",5
"101097","PA","Philadelphia County",6.3
"101098","PA","Forest County",7.5
"101099","PA","Somerset County",6.5
"101100","KY","Monroe County",3.4
"101101","KY","Green County",3.6
"101102","KY","Taylor County",4.1
"101103","KY","Laurel County",4.9
"101104","KY","Madison County",3.2
"101105","KY","Knott County",8.1
"101106","KY","Breckinridge County",4.6
"101107","KY","Todd County",3.4
"101108","KY","Marion County",3.6
"101109","KY","Knox County",6.4
"101110","KY","Gallatin County",4.2
"101111","KY","Crittenden County",4.1
"101112","KY","Lincoln County",4.9
"101113","KY","Hardin County",3.7
"101114","KY","Pike County",8.1
"101115","KY","Logan County",3.5
"101116","KY","Lyon County",5.3
"101117","KY","Lawrence County",8.1
"101118","KY","Butler County",4.3
"101119","KY","Harlan County",8.9
"101120","KY","Boone County",3.2
"101121","KY","Clinton County",5.4
"101122","KY","Greenup County",6.6
"101123","KY","Larue County",3.7
"101124","KY","Spencer County",3.2
"101125","KY","Oldham County",2.8
"101126","KY","Christian County",4.7
"101127","KY","Scott County",3.1
"101128","KY","Grant County",4
"101129","KY","Graves County",5.3
"101130","KY","Bourbon County",3.9
"101131","KY","Robertson County",5
"101132","KY","Breathitt County",7.3
"101133","KY","Owen County",4
"101134","KY","Livingston County",5.6
"101135","KY","Mason County",4.5
"101136","KY","Jefferson County",3.6
"101137","KY","Campbell County",3.2
"101138","KY","Hart County",3.8
"101139","KY","Marshall County",4.6
"101140","KY","Pulaski County",4.3
"101141","KY","Anderson County",3.1
"101142","KY","Hopkins County",4.4
"101143","KY","Casey County",4.1
"101144","KY","Leslie County",9.5
"101145","KY","Garrard County",4
"101146","KY","Bracken County",4.7
"101147","KY","Morgan County",5.7
"101148","KY","Perry County",7.8
"101149","KY","Simpson County",3.6
"101150","KY","Meade County",4.1
"101151","KY","Trigg County",4.3
"101152","KY","Whitley County",5.3
"101153","KY","Johnson County",7.5
"101154","KY","Powell County",5.8
"101155","KY","Boyle County",4.2
"101156","KY","Caldwell County",4.3
"101157","KY","Muhlenberg County",5.2
"101158","KY","Menifee County",6
"101159","KY","Fayette County",2.9
"101160","KY","Russell County",6.9
"101161","KY","Elliott County",8.4
"101162","KY","Shelby County",2.9
"101163","KY","Warren County",3.1
"101164","KY","Letcher County",8.5
"101165","KY","Martin County",6.9
"101166","KY","Edmonson County",5
"101167","KY","McCracken County",4.8
"101168","KY","Lee County",6.6
"101169","KY","Fulton County",5.3
"101170","KY","Ballard County",6.9
"101171","KY","Woodford County",2.6
"101172","KY","McLean County",3.8
"101173","KY","Carlisle County",5.7
"101174","KY","Franklin County",3.2
"101175","KY","Mercer County",4.1
"101176","KY","Allen County",3.3
"101177","KY","Grayson County",6.1
"101178","KY","Clay County",7.8
"101179","KY","Henry County",3.3
"101180","KY","Rowan County",4.5
"101181","KY","Cumberland County",4.2
"101182","KY","Kenton County",3.4
"101183","KY","Boyd County",6.4
"101184","KY","Washington County",3.2
"101185","KY","Carter County",7.6
"101186","KY","Estill County",4.8
"101187","KY","Wolfe County",6.9
"101188","KY","Harrison County",4.1
"101189","KY","Floyd County",8.2
"101190","KY","Daviess County",3.7
"101191","KY","Rockcastle County",4.3
"101192","KY","Montgomery County",4.8
"101193","KY","Barren County",3.8
"101194","KY","Webster County",4.6
"101195","KY","Wayne County",6.1
"101196","KY","Owsley County",7.4
"101197","KY","Calloway County",3.6
"101198","KY","Henderson County",4
"101199","KY","Bath County",5.6
"101200","KY","Adair County",5.2
"101201","KY","Hancock County",4.3
"101202","KY","Carroll County",4.1
"101203","KY","Lewis County",6.8
"101204","KY","Jackson County",5.9
"101205","KY","McCreary County",5.8
"101206","KY","Fleming County",4.2
"101207","KY","Trimble County",4.4
"101208","KY","Ohio County",5.1
"101209","KY","Nelson County",3.7
"101210","KY","Bullitt County",3.4
"101211","KY","Bell County",6.7
"101212","KY","Jessamine County",3.2
"101213","KY","Metcalfe County",3.5
"101214","KY","Clark County",3.8
"101215","KY","Union County",5.2
"101216","KY","Hickman County",4.7
"101217","KY","Pendleton County",4
"101218","KY","Magoffin County",12.3
"101219","KY","Nicholas County",4.4
"101220","HI","Maui County",3
"101221","HI","Honolulu County",2.7
"101222","HI","Hawaii County",3.4
"101223","HI","Kauai County",3.1
"101224","NE","Red Willow County",2.3
"101225","NE","Madison County",2.5
"101226","NE","Stanton County",2.6
"101227","NE","Sarpy County",2.6
"101228","NE","Adams County",2.8
"101229","NE","Nance County",2.3
"101230","NE","Blaine County",4.2
"101231","NE","Knox County",2.8
"101232","NE","York County",2.4
"101233","NE","Fillmore County",2.6
"101234","NE","Lincoln County",2.9
"101235","NE","Gosper County",2.1
"101236","NE","Furnas County",2.4
"101237","NE","Pierce County",2.4
"101238","NE","Saline County",2.7
"101239","NE","Logan County",2.4
"101240","NE","Chase County",1.9
"101241","NE","Box Butte County",3.4
"101242","NE","Keya Paha County",2
"101243","NE","Butler County",3.3
"101244","NE","Custer County",2
"101245","NE","Harlan County",2.3
"101246","NE","Boone County",2.8
"101247","NE","Scotts Bluff County",3.5
"101248","NE","Sheridan County",2.9
"101249","NE","Otoe County",3.3
"101250","NE","Dawson County",2.9
"101251","NE","Brown County",3.3
"101252","NE","Dakota County",4.3
"101253","NE","Nemaha County",3.7
"101254","NE","Dixon County",3
"101255","NE","Grant County",2.5
"101256","NE","Howard County",2.9
"101257","NE","Deuel County",3.2
"101258","NE","Greeley County",2.6
"101259","NE","Jefferson County",2.2
"101260","NE","Colfax County",2.4
"101261","NE","Garden County",4.1
"101262","NE","Sioux County",2.8
"101263","NE","Burt County",3.4
"101264","NE","Richardson County",3.4
"101265","NE","Antelope County",2.1
"101266","NE","Garfield County",2.4
"101267","NE","Phelps County",2.4
"101268","NE","Holt County",2.3
"101269","NE","Keith County",2.8
"101270","NE","Dundy County",2.3
"101271","NE","Hayes County",2.3
"101272","NE","Nuckolls County",2.8
"101273","NE","Douglas County",3.1
"101274","NE","Lancaster County",2.4
"101275","NE","Seward County",2.3
"101276","NE","Frontier County",2.3
"101277","NE","Valley County",2.8
"101278","NE","Platte County",3
"101279","NE","Arthur County",7.4
"101280","NE","Thomas County",3.7
"101281","NE","Buffalo County",2.4
"101282","NE","Hooker County",3.2
"101283","NE","Merrick County",3
"101284","NE","Cedar County",2.4
"101285","NE","Dawes County",2.3
"101286","NE","Franklin County",2.9
"101287","NE","Johnson County",3.3
"101288","NE","Clay County",2.6
"101289","NE","Loup County",3.4
"101290","NE","Boyd County",2.9
"101291","NE","Washington County",2.8
"101292","NE","Rock County",2.5
"101293","NE","Kimball County",3.7
"101294","NE","Cherry County",2.3
"101295","NE","McPherson County",2
"101296","NE","Wheeler County",2.1
"101297","NE","Webster County",2.8
"101298","NE","Wayne County",2.2
"101299","NE","Saunders County",2.7
"101300","NE","Polk County",2.5
"101301","NE","Thayer County",2
"101302","NE","Kearney County",2.4
"101303","NE","Morrill County",2.8
"101304","NE","Pawnee County",2.2
"101305","NE","Perkins County",1.9
"101306","NE","Thurston County",5.2
"101307","NE","Gage County",3
"101308","NE","Hall County",3.1
"101309","NE","Cass County",3
"101310","NE","Banner County",2.7
"101311","NE","Dodge County",2.9
"101312","NE","Cuming County",2.8
"101313","NE","Hitchcock County",3.3
"101314","NE","Sherman County",2.8
"101315","NE","Cheyenne County",2.6
"101316","NE","Hamilton County",2.4
"101317","MO","Monroe County",4
"101318","MO","Madison County",4.4
"101319","MO","Cole County",2.8
"101320","MO","Chariton County",3.5
"101321","MO","Camden County",4.9
"101322","MO","Linn County",5.6
"101323","MO","Knox County",3.4
"101324","MO","Ralls County",3.3
"101325","MO","Lincoln County",3.4
"101326","MO","Pike County",3.5
"101327","MO","Saline County",3.6
"101328","MO","Bates County",4.3
"101329","MO","Lawrence County",3.4
"101330","MO","Butler County",4.6
"101331","MO","Howell County",5.4
"101332","MO","Boone County",2.6
"101333","MO","Dade County",3.7
"101334","MO","Benton County",4.9
"101335","MO","Clinton County",3.3
"101336","MO","Schuyler County",6.1
"101337","MO","Clark County",6.3
"101338","MO","Webster County",4.2
"101339","MO","Mississippi County",5.6
"101340","MO","Macon County",3.8
"101341","MO","Christian County",3
"101342","MO","Iron County",5.6
"101343","MO","Scott County",4.9
"101344","MO","Laclede County",5.4
"101345","MO","Dunklin County",6.5
"101346","MO","McDonald County",3.6
"101347","MO","Livingston County",3.1
"101348","MO","Barry County",3.7
"101349","MO","Jefferson County",3.3
"101350","MO","Saint Louis County",3.4
"101351","MO","Pulaski County",4.8
"101352","MO","Cape Girardeau County",3.6
"101353","MO","New Madrid County",8.6
"101354","MO","Jasper County",3.6
"101355","MO","Vernon County",3.9
"101356","MO","Stoddard County",5.3
"101357","MO","Morgan County",5.1
"101358","MO","Lafayette County",3.3
"101359","MO","Marion County",3.5
"101360","MO","Perry County",2.8
"101361","MO","Howard County",3.4
"101362","MO","Phelps County",3.9
"101363","MO","Holt County",2.2
"101364","MO","Douglas County",4.7
"101365","MO","Pemiscot County",7.5
"101366","MO","Gasconade County",5.7
"101367","MO","Texas County",5.4
"101368","MO","Caldwell County",3.6
"101369","MO","Randolph County",4.1
"101370","MO","Ozark County",5.9
"101371","MO","Osage County",2.8
"101372","MO","Saint Clair County",5.3
"101373","MO","Scotland County",3.4
"101374","MO","Oregon County",5
"101375","MO","Shelby County",3.4
"101376","MO","Platte County",3
"101377","MO","Sullivan County",4.4
"101378","MO","Taney County",4.5
"101379","MO","Warren County",3.2
"101380","MO","Wayne County",4.4
"101381","MO","Stone County",4.5
"101382","MO","Callaway County",3.2
"101383","MO","Gentry County",2.9
"101384","MO","Cedar County",3.9
"101385","MO","Audrain County",3.3
"101386","MO","Reynolds County",4.8
"101387","MO","Ray County",3.8
"101388","MO","Franklin County",3.3
"101389","MO","Mercer County",3.5
"101390","MO","Johnson County",3.9
"101391","MO","Clay County",3.2
"101392","MO","Henry County",4.2
"101393","MO","Crawford County",4.8
"101394","MO","Barton County",5.3
"101395","MO","Washington County",5.1
"101396","MO","Carter County",5.6
"101397","MO","Harrison County",3.4
"101398","MO","Putnam County",4.2
"101399","MO","Andrew County",3
"101400","MO","Saint Francois County",4.5
"101401","MO","Daviess County",3.1
"101402","MO","Montgomery County",3.5
"101403","MO","Miller County",4.4
"101404","MO","Nodaway County",3.6
"101405","MO","Saint Charles County",2.8
"101406","MO","Newton County",3.6
"101407","MO","Moniteau County",3.5
"101408","MO","Polk County",3.8
"101409","MO","Dekalb County",3.5
"101410","MO","Maries County",4.6
"101411","MO","Buchanan County",3.6
"101412","MO","Wright County",4.7
"101413","MO","Sainte Genevieve County",4.4
"101414","MO","Bollinger County",4.1
"101415","MO","Grundy County",3.5
"101416","MO","Adair County",4.9
"101417","MO","Pettis County",3.9
"101418","MO","Carroll County",4.2
"101419","MO","Lewis County",3.8
"101420","MO","Jackson County",4.4
"101421","MO","Hickory County",5
"101422","MO","Cass County",3.4
"101423","MO","Atchison County",3.6
"101424","MO","Dent County",4.7
"101425","MO","Greene County",3.1
"101426","MO","Worth County",2.6
"101427","MO","Cooper County",3.7
"101428","MO","Dallas County",4.8
"101429","MO","Ripley County",6.2
"101430","MO","Saint Louis City",4.4
"101431","MO","Shannon County",6.2
"101432","OH","Pickaway County",4.4
"101433","OH","Monroe County",9
"101434","OH","Madison County",3.3
"101435","OH","Tuscarawas County",5
"101436","OH","Williams County",3.9
"101437","OH","Adams County",6.4
"101438","OH","Marion County",4.6
"101439","OH","Knox County",3.9
"101440","OH","Champaign County",4.2
"101441","OH","Fairfield County",3.8
"101442","OH","Hardin County",4.5
"101443","OH","Pike County",7
"101444","OH","Logan County",3.8
"101445","OH","Columbiana County",5.9
"101446","OH","Lawrence County",5.4
"101447","OH","Butler County",4
"101448","OH","Defiance County",4.3
"101449","OH","Trumbull County",5.8
"101450","OH","Clinton County",5
"101451","OH","Brown County",4.9
"101452","OH","Clark County",4.7
"101453","OH","Ross County",5.2
"101454","OH","Holmes County",3.1
"101455","OH","Huron County",5.5
"101456","OH","Coshocton County",6
"101457","OH","Medina County",3.7
"101458","OH","Guernsey County",6.2
"101459","OH","Mahoning County",5.6
"101460","OH","Athens County",5.1
"101461","OH","Jefferson County",6.9
"101462","OH","Erie County",5.5
"101463","OH","Wood County",3.7
"101464","OH","Belmont County",6
"101465","OH","Ashland County",4.5
"101466","OH","Morgan County",6.9
"101467","OH","Clermont County",3.9
"101468","OH","Perry County",5.7
"101469","OH","Highland County",5.6
"101470","OH","Lake County",4
"101471","OH","Noble County",7.9
"101472","OH","Meigs County",7.2
"101473","OH","Cuyahoga County",4.7
"101474","OH","Fayette County",3.7
"101475","OH","Portage County",4.4
"101476","OH","Preble County",4.1
"101477","OH","Paulding County",4.1
"101478","OH","Shelby County",3.6
"101479","OH","Warren County",3.7
"101480","OH","Darke County",3.6
"101481","OH","Stark County",4.8
"101482","OH","Muskingum County",5
"101483","OH","Licking County",3.7
"101484","OH","Gallia County",5.8
"101485","OH","Fulton County",4
"101486","OH","Wyandot County",3.4
"101487","OH","Delaware County",3.2
"101488","OH","Franklin County",3.7
"101489","OH","Van Wert County",3.7
"101490","OH","Mercer County",2.8
"101491","OH","Allen County",4.5
"101492","OH","Scioto County",6.6
"101493","OH","Henry County",4.1
"101494","OH","Crawford County",6
"101495","OH","Morrow County",4.3
"101496","OH","Washington County",6.1
"101497","OH","Ottawa County",6.5
"101498","OH","Harrison County",6.1
"101499","OH","Putnam County",3.1
"101500","OH","Seneca County",4.3
"101501","OH","Sandusky County",4.2
"101502","OH","Montgomery County",4.4
"101503","OH","Summit County",4.5
"101504","OH","Wayne County",3.6
"101505","OH","Lucas County",4.8
"101506","OH","Lorain County",4.9
"101507","OH","Miami County",3.9
"101508","OH","Hancock County",3.2
"101509","OH","Carroll County",5.9
"101510","OH","Jackson County",6.9
"101511","OH","Geauga County",3.6
"101512","OH","Greene County",3.8
"101513","OH","Vinton County",6.3
"101514","OH","Union County",3.4
"101515","OH","Richland County",5.1
"101516","OH","Hocking County",4.7
"101517","OH","Hamilton County",4
"101518","OH","Ashtabula County",5.5
"101519","OH","Auglaize County",3.4
"101520","AL","Autauga County",4.9
"101521","AL","Conecuh County",7.9
"101522","AL","Monroe County",8.7
"101523","AL","Colbert County",6.4
"101524","AL","Calhoun County",6.2
"101525","AL","Clarke County",10.7
"101526","AL","Escambia County",6.2
"101527","AL","Dekalb County",5.9
"101528","AL","Madison County",4.9
"101529","AL","Marengo County",7.4
"101530","AL","Marshall County",5.1
"101531","AL","Cullman County",4.6
"101532","AL","Lee County",4.7
"101533","AL","Chilton County",5.2
"101534","AL","Marion County",6.3
"101535","AL","Montgomery County",5.5
"101536","AL","Perry County",9.9
"101537","AL","Lamar County",5.2
"101538","AL","Winston County",6.9
"101539","AL","Sumter County",7.3
"101540","AL","Mobile County",6.7
"101541","AL","Morgan County",5.2
"101542","AL","Jackson County",5.9
"101543","AL","Pike County",6.2
"101544","AL","Randolph County",5.1
"101545","AL","Bullock County",7.4
"101546","AL","Jefferson County",5.5
"101547","AL","Franklin County",5.6
"101548","AL","Lowndes County",10
"101549","AL","Washington County",8.5
"101550","AL","Clay County",5.7
"101551","AL","Butler County",6.4
"101552","AL","Geneva County",5.4
"101553","AL","Bibb County",6.1
"101554","AL","Greene County",10
"101555","AL","Crenshaw County",5.8
"101556","AL","Shelby County",4.1
"101557","AL","Dale County",5.4
"101558","AL","Covington County",6.5
"101559","AL","Hale County",7.2
"101560","AL","Coffee County",5.5
"101561","AL","Lawrence County",6.3
"101562","AL","Houston County",5.5
"101563","AL","Macon County",7.3
"101564","AL","Etowah County",5.6
"101565","AL","Lauderdale County",5.9
"101566","AL","Limestone County",5
"101567","AL","Cherokee County",4.9
"101568","AL","Blount County",5
"101569","AL","Barbour County",8.1
"101570","AL","Wilcox County",14.7
"101571","AL","Elmore County",4.7
"101572","AL","Coosa County",6.4
"101573","AL","Fayette County",6.3
"101574","AL","Chambers County",5
"101575","AL","Choctaw County",8.5
"101576","AL","Henry County",6.5
"101577","AL","Tallapoosa County",5.2
"101578","AL","Saint Clair County",5
"101579","AL","Russell County",5.2
"101580","AL","Pickens County",6.2
"101581","AL","Dallas County",8.6
"101582","AL","Baldwin County",5.2
"101583","AL","Tuscaloosa County",5.2
"101584","AL","Walker County",6.8
"101585","AL","Talladega County",6.7
"101586","AL","Cleburne County",5.6
"101587","RI","Providence County",5
"101588","RI","Kent County",4.1
"101589","RI","Newport County",4.1
"101590","RI","Washington County",4.1
"101591","RI","Bristol County",4
"101592","SD","Beadle County",2.3
"101593","SD","McCook County",2.3
"101594","SD","Edmunds County",2.1
"101595","SD","Shannon County",10.3
"101596","SD","Campbell County",3.2
"101597","SD","Hyde County",2.6
"101598","SD","Marshall County",3.3
"101599","SD","Yankton County",2.5
"101600","SD","Hamlin County",2.6
"101601","SD","Buffalo County",8.9
"101602","SD","Tripp County",2.2
"101603","SD","Todd County",5.9
"101604","SD","Haakon County",2.5
"101605","SD","Bon Homme County",2.7
"101606","SD","Fall River County",3.6
"101607","SD","Stanley County",2.5
"101608","SD","Day County",3.5
"101609","SD","Brookings County",2.1
"101610","SD","Potter County",2.4
"101611","SD","Hutchinson County",2.3
"101612","SD","Jones County",3
"101613","SD","Kingsbury County",2.5
"101614","SD","Lincoln County",1.9
"101615","SD","Jackson County",4.4
"101616","SD","Hughes County",2.1
"101617","SD","Perkins County",3.1
"101618","SD","Gregory County",2.9
"101619","SD","Sully County",2.3
"101620","SD","Clay County",2.5
"101621","SD","Moody County",2.9
"101622","SD","Roberts County",3.2
"101623","SD","Custer County",3.9
"101624","SD","Lake County",2.8
"101625","SD","Faulk County",2.6
"101626","SD","Meade County",2.8
"101627","SD","Walworth County",4.2
"101628","SD","Miner County",2.6
"101629","SD","Corson County",3.5
"101630","SD","Lyman County",4.2
"101631","SD","Hanson County",3.3
"101632","SD","Turner County",2.3
"101633","SD","Codington County",2.8
"101634","SD","Charles Mix County",2.9
"101635","SD","Douglas County",2.6
"101636","SD","Lawrence County",2.8
"101637","SD","Brown County",2.3
"101638","SD","Ziebach County",3.5
"101639","SD","Harding County",3.3
"101640","SD","Bennett County",3.5
"101641","SD","Sanborn County",4.5
"101642","SD","Clark County",3.4
"101643","SD","Hand County",2
"101644","SD","Union County",2.8
"101645","SD","McPherson County",2.8
"101646","SD","Aurora County",2.2
"101647","SD","Jerauld County",2.5
"101648","SD","Grant County",2.8
"101649","SD","Spink County",2.7
"101650","SD","Davison County",2
"101651","SD","Dewey County",6.6
"101652","SD","Deuel County",3.7
"101653","SD","Butte County",3.1
"101654","SD","Pennington County",2.8
"101655","SD","Brule County",2.2
"101656","SD","Minnehaha County",2.2
"101657","SD","Mellette County",3.7
"101658","CO","Gilpin County",2
"101659","CO","Las Animas County",4.1
"101660","CO","Morgan County",2.7
"101661","CO","Alamosa County",3.3
"101662","CO","Dolores County",3
"101663","CO","Summit County",1.9
"101664","CO","Jefferson County",2.5
"101665","CO","Pueblo County",4.3
"101666","CO","Clear Creek County",2.7
"101667","CO","Bent County",2.6
"101668","CO","Denver County",2.6
"101669","CO","Rio Grande County",4.2
"101670","CO","Montrose County",3.3
"101671","CO","Broomfield County",2.6
"101672","CO","Adams County",3
"101673","CO","Moffat County",3
"101674","CO","San Miguel County",5.3
"101675","CO","Larimer County",2.3
"101676","CO","Mesa County",4.3
"101677","CO","Archuleta County",2.9
"101678","CO","Teller County",3.3
"101679","CO","Sedgwick County",2.1
"101680","CO","Arapahoe County",2.6
"101681","CO","Hinsdale County",1.7
"101682","CO","Lincoln County",2.2
"101683","CO","Jackson County",1.8
"101684","CO","Mineral County",1.7
"101685","CO","Weld County",2.6
"101686","CO","Huerfano County",5.4
"101687","CO","Montezuma County",3.8
"101688","CO","Routt County",2.7
"101689","CO","Garfield County",3
"101690","CO","Custer County",2.9
"101691","CO","Saguache County",4.5
"101692","CO","Ouray County",3.1
"101693","CO","La Plata County",2.3
"101694","CO","Otero County",3.8
"101695","CO","Boulder County",2.2
"101696","CO","Baca County",1.5
"101697","CO","Conejos County",3.8
"101698","CO","Lake County",2.7
"101699","CO","Washington County",1.9
"101700","CO","Eagle County",3.2
"101701","CO","Douglas County",2.3
"101702","CO","Logan County",2.4
"101703","CO","Costilla County",3.6
"101704","CO","Kiowa County",2.1
"101705","CO","Yuma County",1.6
"101706","CO","Chaffee County",2.3
"101707","CO","Delta County",4.3
"101708","CO","Phillips County",1.7
"101709","CO","El Paso County",3.2
"101710","CO","Fremont County",4.3
"101711","CO","Rio Blanco County",4.1
"101712","CO","San Juan County",4.1
"101713","CO","Gunnison County",2
"101714","CO","Elbert County",2.2
"101715","CO","Cheyenne County",2.1
"101716","CO","Park County",2.4
"101717","CO","Kit Carson County",1.8
"101718","CO","Prowers County",2.3
"101719","CO","Pitkin County",5.3
"101720","CO","Crowley County",2.8
"101721","CO","Grand County",2.3
"101722","NJ","Hudson County",3.9
"101723","NJ","Salem County",5.2
"101724","NJ","Gloucester County",4.3
"101725","NJ","Burlington County",3.6
"101726","NJ","Cumberland County",6.1
"101727","NJ","Union County",4.2
"101728","NJ","Hunterdon County",3
"101729","NJ","Sussex County",3.7
"101730","NJ","Passaic County",5
"101731","NJ","Essex County",5
"101732","NJ","Middlesex County",3.6
"101733","NJ","Atlantic County",7.1
"101734","NJ","Bergen County",3.4
"101735","NJ","Somerset County",3.3
"101736","NJ","Monmouth County",3.7
"101737","NJ","Ocean County",4.4
"101738","NJ","Mercer County",3.5
"101739","NJ","Morris County",3.2
"101740","NJ","Warren County",3.7
"101741","NJ","Camden County",4.6
"101742","NJ","Cape May County",10.4
"101743","WA","Asotin County",4.6
"101744","WA","Mason County",7.4
"101745","WA","Klickitat County",6.9
"101746","WA","Jefferson County",7.3
"101747","WA","Chelan County",5.7
"101748","WA","San Juan County",4.7
"101749","WA","Cowlitz County",6.8
"101750","WA","Whitman County",4.2
"101751","WA","Snohomish County",4.2
"101752","WA","Adams County",7.2
"101753","WA","Skagit County",6.5
"101754","WA","Island County",5.7
"101755","WA","Lewis County",7.7
"101756","WA","Wahkiakum County",8.9
"101757","WA","Lincoln County",4.7
"101758","WA","King County",3.8
"101759","WA","Pierce County",5.8
"101760","WA","Franklin County",7.5
"101761","WA","Garfield County",5.7
"101762","WA","Thurston County",5.5
"101763","WA","Douglas County",6.8
"101764","WA","Kittitas County",5.6
"101765","WA","Benton County",6.2
"101766","WA","Okanogan County",7.1
"101767","WA","Clark County",5.7
"101768","WA","Walla Walla County",5.2
"101769","WA","Ferry County",10.3
"101770","WA","Grays Harbor County",8.3
"101771","WA","Skamania County",7.1
"101772","WA","Whatcom County",5.7
"101773","WA","Columbia County",7
"101774","WA","Yakima County",8.3
"101775","WA","Grant County",7.3
"101776","WA","Spokane County",5.6
"101777","WA","Pacific County",8.3
"101778","WA","Clallam County",7.4
"101779","WA","Kitsap County",5.5
"101780","WA","Stevens County",7.6
"101781","WA","Pend Oreille County",7.9
"101782","NC","Yancey County",4.7
"101783","NC","Forsyth County",4.6
"101784","NC","Madison County",4.4
"101785","NC","Pasquotank County",5.8
"101786","NC","Cherokee County",5.3
"101787","NC","Camden County",4.6
"101788","NC","Granville County",4.2
"101789","NC","Lincoln County",4.5
"101790","NC","Orange County",3.7
"101791","NC","Rockingham County",5.3
"101792","NC","Davie County",4.3
"101793","NC","Iredell County",4.5
"101794","NC","Haywood County",4.3
"101795","NC","Wake County",3.9
"101796","NC","Hyde County",9.5
"101797","NC","Macon County",5
"101798","NC","Buncombe County",3.7
"101799","NC","Burke County",4.8
"101800","NC","Hertford County",6
"101801","NC","Duplin County",5
"101802","NC","Brunswick County",6.3
"101803","NC","Northampton County",6.9
"101804","NC","Surry County",4.4
"101805","NC","Yadkin County",4.1
"101806","NC","McDowell County",4.5
"101807","NC","Robeson County",7.5
"101808","NC","Nash County",6.3
"101809","NC","Davidson County",4.6
"101810","NC","Transylvania County",4.8
"101811","NC","Swain County",5
"101812","NC","Ashe County",4.3
"101813","NC","Edgecombe County",7.8
"101814","NC","Pamlico County",5.5
"101815","NC","Watauga County",3.9
"101816","NC","Sampson County",5.1
"101817","NC","Pender County",5
"101818","NC","Chowan County",5.9
"101819","NC","Caldwell County",5
"101820","NC","Randolph County",4.5
"101821","NC","Richmond County",6.8
"101822","NC","Columbus County",6
"101823","NC","Scotland County",8.8
"101824","NC","Bertie County",6
"101825","NC","Dare County",6.1
"101826","NC","Cabarrus County",4.3
"101827","NC","Alleghany County",5.4
"101828","NC","Moore County",4.7
"101829","NC","Onslow County",5.4
"101830","NC","Warren County",7.2
"101831","NC","Perquimans County",6
"101832","NC","Vance County",6.8
"101833","NC","Martin County",6.5
"101834","NC","Pitt County",5.1
"101835","NC","Gaston County",5.2
"101836","NC","Halifax County",7.6
"101837","NC","Lee County",5.5
"101838","NC","Currituck County",4.9
"101839","NC","Alamance County",4.4
"101840","NC","Rutherford County",6.1
"101841","NC","Carteret County",5.1
"101842","NC","Franklin County",4.9
"101843","NC","Clay County",5
"101844","NC","Avery County",4.7
"101845","NC","Cleveland County",5.2
"101846","NC","Rowan County",5.2
"101847","NC","Cumberland County",6.1
"101848","NC","Caswell County",5.1
"101849","NC","Mecklenburg County",4.5
"101850","NC","Durham County",4.3
"101851","NC","Stanly County",4.5
"101852","NC","Montgomery County",5
"101853","NC","Alexander County",4
"101854","NC","Wayne County",5.7
"101855","NC","Stokes County",4.5
"101856","NC","Polk County",4.5
"101857","NC","Johnston County",4.3
"101858","NC","Gates County",5.1
"101859","NC","Wilson County",7.8
"101860","NC","Hoke County",6.3
"101861","NC","Harnett County",5.3
"101862","NC","Henderson County",4.1
"101863","NC","Jackson County",4.6
"101864","NC","Graham County",7.6
"101865","NC","Catawba County",4.6
"101866","NC","Chatham County",4.1
"101867","NC","Greene County",4.5
"101868","NC","Craven County",5.1
"101869","NC","Guilford County",4.8
"101870","NC","Washington County",7.5
"101871","NC","Person County",4.9
"101872","NC","Tyrrell County",8.1
"101873","NC","Union County",4
"101874","NC","Wilkes County",4.5
"101875","NC","Beaufort County",5.5
"101876","NC","Bladen County",6.5
"101877","NC","Anson County",5.5
"101878","NC","Lenoir County",5.5
"101879","NC","Jones County",4.9
"101880","NC","New Hanover County",4.4
"101881","NC","Mitchell County",5.8
"101882","NY","Livingston County",4.5
"101883","NY","Wayne County",4.7
"101884","NY","Monroe County",4.5
"101885","NY","Wyoming County",5.1
"101886","NY","Warren County",5.4
"101887","NY","Rockland County",4
"101888","NY","Jefferson County",6.2
"101889","NY","Yates County",4.3
"101890","NY","Schuyler County",5.6
"101891","NY","Madison County",4.9
"101892","NY","Erie County",4.7
"101893","NY","Dutchess County",3.9
"101894","NY","Schenectady County",4
"101895","NY","Onondaga County",4.3
"101896","NY","Broome County",5.1
"101897","NY","Saratoga County",3.6
"101898","NY","Niagara County",5.5
"101899","NY","Suffolk County",4.1
"101900","NY","Fulton County",5.2
"101901","NY","Lewis County",6.2
"101902","NY","Oswego County",6
"101903","NY","Allegany County",5
"101904","NY","Chemung County",5.1
"101905","NY","Delaware County",4.9
"101906","NY","Essex County",5.3
"101907","NY","Genesee County",4.5
"101908","NY","Bronx County",7.1
"101909","NY","Franklin County",5.2
"101910","NY","Herkimer County",5.2
"101911","NY","Kings County",5.3
"101912","NY","New York County",4.5
"101913","NY","Otsego County",4.3
"101914","NY","Westchester County",4
"101915","NY","Chenango County",4.8
"101916","NY","Steuben County",5.3
"101917","NY","Greene County",4.9
"101918","NY","Albany County",3.8
"101919","NY","Cattaraugus County",5.5
"101920","NY","Cayuga County",4.5
"101921","NY","Nassau County",3.7
"101922","NY","Clinton County",4.9
"101923","NY","Tioga County",4.7
"101924","NY","Washington County",4.4
"101925","NY","Ulster County",4.1
"101926","NY","Oneida County",4.6
"101927","NY","Saint Lawrence County",5.6
"101928","NY","Orange County",4.1
"101929","NY","Putnam County",3.8
"101930","NY","Rensselaer County",4
"101931","NY","Richmond County",5.2
"101932","NY","Seneca County",4.3
"101933","NY","Orleans County",5.1
"101934","NY","Columbia County",3.5
"101935","NY","Queens County",4.5
"101936","NY","Sullivan County",4.7
"101937","NY","Ontario County",4.1
"101938","NY","Schoharie County",4.8
"101939","NY","Montgomery County",5.1
"101940","NY","Hamilton County",8.4
"101941","NY","Chautauqua County",5.7
"101942","NY","Tompkins County",3.4
"101943","NY","Cortland County",5.2
"101944","TX","Carson County",2.8
"101945","TX","Tyler County",7.5
"101946","TX","Wilbarger County",4.4
"101947","TX","Taylor County",3.4
"101948","TX","Madison County",4.5
"101949","TX","Brazoria County",4.9
"101950","TX","Hays County",3.1
"101951","TX","Waller County",4.9
"101952","TX","Hansford County",2.8
"101953","TX","Erath County",3.6
"101954","TX","Grimes County",6.2
"101955","TX","Marion County",6.3
"101956","TX","Knox County",3.9
"101957","TX","Live Oak County",4.9
"101958","TX","Lampasas County",3.7
"101959","TX","Glasscock County",3.3
"101960","TX","Briscoe County",3.8
"101961","TX","Castro County",3.2
"101962","TX","Tarrant County",3.5
"101963","TX","Loving County",5.1
"101964","TX","Real County",5.8
"101965","TX","Hardin County",5.7
"101966","TX","Zapata County",9.4
"101967","TX","Hockley County",3.9
"101968","TX","Maverick County",9
"101969","TX","Milam County",5.1
"101970","TX","Wilson County",3.6
"101971","TX","Limestone County",5.2
"101972","TX","Orange County",6.5
"101973","TX","Goliad County",5.1
"101974","TX","Jim Hogg County",8.9
"101975","TX","Bee County",7.1
"101976","TX","Stephens County",4.9
"101977","TX","McMullen County",1.5
"101978","TX","Eastland County",4.8
"101979","TX","Rains County",3.6
"101980","TX","Dickens County",4.8
"101981","TX","Fisher County",4.1
"101982","TX","Crane County",6.5
"101983","TX","Matagorda County",7
"101984","TX","Smith County",4.2
"101985","TX","Brown County",3.9
"101986","TX","King County",3.9
"101987","TX","Ward County",5
"101988","TX","Baylor County",3.4
"101989","TX","Scurry County",4.8
"101990","TX","Collingsworth County",3.1
"101991","TX","Cherokee County",4.7
"101992","TX","Oldham County",3
"101993","TX","Bandera County",3.9
"101994","TX","Delta County",3.7
"101995","TX","Lipscomb County",4.2
"101996","TX","El Paso County",4.6
"101997","TX","Throckmorton County",3.8
"101998","TX","Falls County",4.1
"101999","TX","Chambers County",5.8
"102000","TX","Deaf Smith County",3
"102001","TX","Pecos County",5.8
"102002","TX","Denton County",3.1
"102003","TX","Galveston County",5.1
"102004","TX","Medina County",4
"102005","TX","Howard County",5.4
"102006","TX","Robertson County",4.5
"102007","TX","San Saba County",3.5
"102008","TX","Walker County",4.8
"102009","TX","Terrell County",4.3
"102010","TX","Kent County",2.7
"102011","TX","Donley County",4
"102012","TX","McLennan County",3.7
"102013","TX","Colorado County",4.5
"102014","TX","Mason County",3.7
"102015","TX","Presidio County",10.4
"102016","TX","Burnet County",3.3
"102017","TX","Jefferson County",6.6
"102018","TX","Freestone County",6.3
"102019","TX","Nueces County",5.3
"102020","TX","Runnels County",3.9
"102021","TX","Swisher County",3.9
"102022","TX","Shackelford County",3.6
"102023","TX","Trinity County",5.7
"102024","TX","Wood County",4.9
"102025","TX","Anderson County",3.8
"102026","TX","Harris County",4.9
"102027","TX","Frio County",4.6
"102028","TX","Red River County",5.7
"102029","TX","Randall County",2.8
"102030","TX","Jasper County",7.6
"102031","TX","Jack County",4
"102032","TX","Lamar County",4.5
"102033","TX","Reagan County",5.4
"102034","TX","Hutchinson County",5.5
"102035","TX","Hunt County",3.8
"102036","TX","Gray County",6.2
"102037","TX","Refugio County",6.4
"102038","TX","Williamson County",3.1
"102039","TX","Kaufman County",3.4
"102040","TX","Washington County",4.6
"102041","TX","Dawson County",4.5
"102042","TX","Bailey County",4.1
"102043","TX","Van Zandt County",3.9
"102044","TX","Stonewall County",4.2
"102045","TX","Gillespie County",2.7
"102046","TX","La Salle County",4.7
"102047","TX","Kinney County",5.8
"102048","TX","Hill County",4
"102049","TX","Jim Wells County",9.3
"102050","TX","San Augustine County",8.7
"102051","TX","Motley County",3.5
"102052","TX","Sabine County",9.6
"102053","TX","Gregg County",5.5
"102054","TX","Aransas County",5.5
"102055","TX","Borden County",2.8
"102056","TX","Winkler County",7.2
"102057","TX","Concho County",2.6
"102058","TX","Kerr County",3.4
"102059","TX","Caldwell County",3.8
"102060","TX","Callahan County",3.8
"102061","TX","Haskell County",4.7
"102062","TX","Foard County",4.7
"102063","TX","Garza County",3.6
"102064","TX","Nolan County",4.4
"102065","TX","Cochran County",5.2
"102066","TX","Angelina County",5.6
"102067","TX","Fayette County",3.5
"102068","TX","Armstrong County",2.8
"102069","TX","Lamb County",5.8
"102070","TX","Lubbock County",3
"102071","TX","Bowie County",4.5
"102072","TX","Bexar County",3.5
"102073","TX","Wharton County",4.5
"102074","TX","Coleman County",5.4
"102075","TX","Shelby County",5.4
"102076","TX","Hartley County",1.9
"102077","TX","Gonzales County",3.8
"102078","TX","Moore County",2.8
"102079","TX","Guadalupe County",3.3
"102080","TX","Ochiltree County",4.5
"102081","TX","Panola County",6.7
"102082","TX","Edwards County",4.1
"102083","TX","Jeff Davis County",2.9
"102084","TX","Hemphill County",3.2
"102085","TX","Atascosa County",4.7
"102086","TX","Schleicher County",4.7
"102087","TX","Sutton County",6.6
"102088","TX","Lee County",3.6
"102089","TX","Grayson County",3.4
"102090","TX","Rockwall County",3.2
"102091","TX","Menard County",4.2
"102092","TX","Crosby County",3.8
"102093","TX","Polk County",6.1
"102094","TX","Victoria County",4.7
"102095","TX","Comal County",3.5
"102096","TX","Childress County",2.9
"102097","TX","Fort Bend County",4.8
"102098","TX","Zavala County",12.4
"102099","TX","Terry County",4.3
"102100","TX","Dimmit County",5.9
"102101","TX","Somervell County",4.1
"102102","TX","Parker County",3.7
"102103","TX","Franklin County",4.9
"102104","TX","Hood County",4.4
"102105","TX","Martin County",3.7
"102106","TX","Cameron County",6.6
"102107","TX","Clay County",3.9
"102108","TX","Kimble County",3.6
"102109","TX","Parmer County",2.4
"102110","TX","Karnes County",4.4
"102111","TX","Lavaca County",4.2
"102112","TX","Wichita County",3.9
"102113","TX","Crockett County",5.8
"102114","TX","Johnson County",3.9
"102115","TX","Hale County",5
"102116","TX","Kleberg County",6.1
"102117","TX","Brewster County",3.6
"102118","TX","Bosque County",4
"102119","TX","Harrison County",5.4
"102120","TX","Hardeman County",3.8
"102121","TX","Floyd County",4.3
"102122","TX","Kendall County",3.1
"102123","TX","Wheeler County",4.5
"102124","TX","Brazos County",3
"102125","TX","Val Verde County",5.8
"102126","TX","Dallam County",2.3
"102127","TX","Young County",4.1
"102128","TX","Sterling County",5
"102129","TX","Brooks County",9.8
"102130","TX","Montgomery County",4.6
"102131","TX","Ellis County",3.4
"102132","TX","Nacogdoches County",4.3
"102133","TX","Burleson County",4.1
"102134","TX","Starr County",12.3
"102135","TX","Newton County",6.7
"102136","TX","Gaines County",3.2
"102137","TX","Cooke County",3.7
"102138","TX","Calhoun County",5
"102139","TX","Upton County",4.7
"102140","TX","Navarro County",3.9
"102141","TX","Roberts County",4.7
"102142","TX","Hopkins County",3.7
"102143","TX","Duval County",10.4
"102144","TX","Bastrop County",3.4
"102145","TX","Upshur County",5.8
"102146","TX","Kenedy County",5
"102147","TX","Coryell County",4.2
"102148","TX","Ector County",5.3
"102149","TX","Camp County",6.2
"102150","TX","Wise County",4.1
"102151","TX","Fannin County",3.6
"102152","TX","Titus County",5.8
"102153","TX","Potter County",3.2
"102154","TX","Liberty County",7
"102155","TX","Travis County",2.9
"102156","TX","Henderson County",4.4
"102157","TX","San Jacinto County",5.9
"102158","TX","Jackson County",4.4
"102159","TX","Lynn County",3.6
"102160","TX","Comanche County",4
"102161","TX","Hidalgo County",7.1
"102162","TX","Blanco County",2.7
"102163","TX","Hall County",6.7
"102164","TX","Cass County",6.7
"102165","TX","Culberson County",3.4
"102166","TX","Reeves County",4.7
"102167","TX","Montague County",4.4
"102168","TX","Willacy County",10.8
"102169","TX","Bell County",4.1
"102170","TX","Irion County",3.2
"102171","TX","Cottle County",4.6
"102172","TX","Midland County",3.6
"102173","TX","Mills County",3.8
"102174","TX","Coke County",3.6
"102175","TX","McCulloch County",4
"102176","TX","Houston County",4.4
"102177","TX","Leon County",6.1
"102178","TX","Austin County",4.7
"102179","TX","Webb County",4.1
"102180","TX","Collin County",3.2
"102181","TX","Palo Pinto County",4.9
"102182","TX","San Patricio County",7.2
"102183","TX","Andrews County",4
"102184","TX","Tom Green County",3.9
"102185","TX","Dewitt County",5.2
"102186","TX","Sherman County",2.9
"102187","TX","Uvalde County",5.1
"102188","TX","Rusk County",5.3
"102189","TX","Dallas County",3.6
"102190","TX","Hamilton County",4.4
"102191","TX","Jones County",5.5
"102192","TX","Archer County",3.8
"102193","TX","Yoakum County",4.3
"102194","TX","Llano County",3.8
"102195","TX","Hudspeth County",6
"102196","TX","Mitchell County",6.7
"102197","TX","Morris County",11.1
"102198","NV","Carson City",5.3
"102199","NV","Nye County",6.6
"102200","NV","Humboldt County",4.5
"102201","NV","Elko County",3.8
"102202","NV","Lincoln County",4.9
"102203","NV","Eureka County",3.7
"102204","NV","Lander County",5.5
"102205","NV","Mineral County",5.8
"102206","NV","Douglas County",4.9
"102207","NV","Esmeralda County",3.7
"102208","NV","Washoe County",4.2
"102209","NV","Storey County",4.9
"102210","NV","Lyon County",6.2
"102211","NV","Churchill County",4.5
"102212","NV","White Pine County",4.2
"102213","NV","Clark County",5.2
"102214","NV","Pershing County",4.7
"102215","ME","Kennebec County",3.7
"102216","ME","Hancock County",4.8
"102217","ME","Androscoggin County",3.5
"102218","ME","Cumberland County",3.1
"102219","ME","Sagadahoc County",3.1
"102220","ME","Lincoln County",3.9
"102221","ME","Washington County",5.2
"102222","ME","York County",3.4
"102223","ME","Waldo County",3.9
"102224","ME","Penobscot County",4.2
"102225","ME","Franklin County",4.7
"102226","ME","Somerset County",5.4
"102227","ME","Oxford County",4.6
"102228","ME","Knox County",3.6
"102229","ME","Piscataquis County",5.6
"102230","ME","Aroostook County",5.7
